job_id,user,vc,jobname,gpu_num,cpu_num,state,submit_time,duration,dataset,model,batchsize,amp,speed,gpu_util,gmem_util,gmem,remain,start_time,end_time,ckpt_times,queue,jct,status,nodes,priority,random,profiled,profqueue,toskip,exclusive,rate,sharescore,Tcolocate,Tdelocate
766533,uM86Z,vcKrE,,2,1,FAILED,13293475,63531,SQuAD,BERT,32,0,84.872,99.689,62.484,20162.0,0,13293475.0,13357007.0,0,0.0,63532.0,end,"[{0: [0, 1]}]",-1,0,0,0,0,1,1,,0,0
766677,uM86Z,vcKrE,,2,1,FAILED,13297293,69855,SQuAD,BERT,32,0,84.872,99.689,62.484,20162.0,0,13297293.0,13367149.0,0,0.0,69856.0,end,"[{0: [2, 3]}]",-1,0,0,0,0,1,1,,0,0
766995,umFLe,vcKrE,,2,1,CANCELLED,13344917,5,MovieLens,NeuMF,128,1,23040.359,9.643,1.983,2050.0,0,13344917.0,13344923.0,0,0.0,6.0,end,"[{0: [4, 5]}]",-1,0,0,0,0,1,1,,0,0
766999,umFLe,vcKrE,,2,1,CANCELLED,13345048,229,CIFAR-10,EfficientNet,128,1,2802.744,33.571,7.286,2358.0,0,13345048.0,13345278.0,0,0.0,230.0,end,"[{0: [4, 5]}]",-1,0,0,0,0,1,1,,0,0
767015,umFLe,vcKrE,,2,1,CANCELLED,13345366,173579,ImageNet,MobileNetV3,64,0,2537.436,80.522,44.261,3266.0,0,13345366.0,13518946.0,0,0.0,173580.0,end,"[{0: [4, 5]}]",-1,0,0,0,0,1,1,,0,0
767199,ug5JM,vcKrE,,4,1,CANCELLED,13355613,712602,ImageNet,MobileNetV3,128,0,3353.137,100.0,60.912,4428.0,0,13355613.0,14068216.0,0,0.0,712603.0,end,"[{1: [0, 1, 2, 3]}]",-1,0,0,0,0,1,1,,0,0
767241,uM86Z,vcKrE,,2,1,COMPLETED,13357034,103242,SQuAD,BERT,32,1,119.911,99.593,74.23,16334.0,0,13357034.0,13460277.0,0,0.0,103243.0,end,"[{0: [0, 1]}]",-1,0,0,0,0,1,1,,0,0
767466,uM86Z,vcKrE,,2,1,FAILED,13367157,58645,ImageNet,MobileNetV3,32,0,1304.503,45.409,19.727,2694.0,0,13367157.0,13425803.0,0,0.0,58646.0,end,"[{0: [2, 3]}]",-1,0,0,0,0,1,1,,0,0
768067,umFLe,vcKrE,,2,1,COMPLETED,13389236,297,ShapeNet,PointNet,64,0,138.049,7.75,6.571,6346.0,0,13389236.0,13389534.0,0,0.0,298.0,end,"[{0: [6, 7]}]",-1,0,0,0,0,1,1,,0,0
768093,umFLe,vcKrE,,2,1,CANCELLED,13390715,668076,ImageNet,MobileNetV3,32,1,978.255,34.966,7.931,2382.0,0,13390715.0,14058792.0,0,0.0,668077.0,end,"[{0: [6, 7]}]",-1,0,0,0,0,1,1,,0,0
768143,umFLe,vcKrE,,2,1,COMPLETED,13393304,309,CIFAR-10,MobileNetV2,32,0,1108.427,42.8,17.0,2508.0,0,13393304.0,13393614.0,0,0.0,310.0,end,"[{1: [4, 5]}]",-1,0,0,0,0,1,1,,0,0
768153,umFLe,vcKrE,,2,1,COMPLETED,13393902,222,CIFAR-10,EfficientNet,64,1,1371.123,25.5,3.167,2290.0,0,13393902.0,13394125.0,0,0.0,223.0,end,"[{1: [4, 5]}]",-1,0,0,0,0,1,1,,0,0
768158,umFLe,vcKrE,,2,1,COMPLETED,13394281,303,MovieLens,NeuMF,64,0,15393.307,10.483,2.023,2050.0,0,13394281.0,13394585.0,0,0.0,304.0,end,"[{1: [4, 5]}]",-1,0,0,0,0,1,1,,0,0
768170,umFLe,vcKrE,,2,1,CANCELLED,13394794,651989,SQuAD,BERT,32,1,119.911,99.593,74.23,16334.0,0,13394794.0,14046784.0,0,0.0,651990.0,end,"[{1: [4, 5]}]",-1,0,0,0,0,1,1,,0,0
768498,uM86Z,vcKrE,,2,1,COMPLETED,13425803,21946,LSUN,DCGAN,128,1,6097.188,66.333,32.417,2684.0,0,13425803.0,13447750.0,0,0.0,21947.0,end,"[{0: [2, 3]}]",-1,0,0,0,0,1,1,,0,0
768940,ug5JM,vcKrE,,4,1,FAILED,13445356,15,CIFAR-10,EfficientNet,64,1,1371.123,25.5,3.167,2290.0,0,13445356.0,13445372.0,0,0.0,16.0,end,"[{2: [0, 1, 2, 3]}]",-1,0,0,0,0,1,1,,0,0
768960,umFLe,vcKrE,,2,1,COMPLETED,13445924,130,BipedalWalker,TD3,64,0,59.807,13.303,0.0,2059.0,0,13445924.0,13446055.0,0,0.0,131.0,end,"[{1: [6, 7]}]",-1,0,0,0,0,1,1,,0,0
768997,ug5JM,vcKrE,,4,1,FAILED,13447176,132,CIFAR-10,EfficientNet,32,0,814.137,24.5,3.0,2308.0,0,13447176.0,13447309.0,0,0.0,133.0,end,"[{2: [0, 1, 2, 3]}]",-1,0,0,0,0,1,1,,0,0
769015,ug5JM,vcKrE,,4,1,FAILED,13447579,143,BipedalWalker,TD3,32,0,16.292,12.828,0.0,2059.0,0,13447579.0,13447723.0,0,0.0,144.0,end,"[{2: [0, 1, 2, 3]}]",-1,0,0,0,0,1,1,,0,0
769023,umFLe,vcKrE,,2,1,CANCELLED,13447712,171099,SQuAD,BERT,32,1,119.911,99.593,74.23,16334.0,0,13447712.0,13618812.0,0,0.0,171100.0,end,"[{1: [6, 7]}]",-1,0,0,0,0,1,1,,0,0
769024,uM86Z,vcKrE,,2,1,COMPLETED,13447750,4547,ShapeNet,PointNet,128,1,144.304,5.551,4.878,6976.0,0,13447750.0,13452298.0,0,0.0,4548.0,end,"[{0: [2, 3]}]",-1,0,0,0,0,1,1,,0,0
769043,ug5JM,vcKrE,,4,1,FAILED,13448248,194,CIFAR-10,VGG,32,0,2998.72,44.0,23.0,3386.0,0,13448248.0,13448443.0,0,0.0,195.0,end,"[{2: [0, 1, 2, 3]}]",-1,0,0,0,0,1,1,,0,0
769061,ug5JM,vcKrE,,4,1,FAILED,13448679,365,ShapeNet,PointNet,128,1,144.304,5.551,4.878,6976.0,0,13448679.0,13449045.0,0,0.0,366.0,end,"[{2: [0, 1, 2, 3]}]",-1,0,0,0,0,1,1,,0,0
769157,ug5JM,vcKrE,,4,1,CANCELLED,13450789,522918,ImageNet,MobileNetV3,32,1,978.255,34.966,7.931,2382.0,0,13450789.0,13973708.0,0,0.0,522919.0,end,"[{2: [0, 1, 2, 3]}]",-1,0,0,0,0,1,1,,0,0
769206,uM86Z,vcKrE,,2,1,FAILED,13452298,362751,ImageNet,ResNet50,128,1,765.473,99.66,75.566,7992.0,0,13452298.0,13815050.0,0,0.0,362752.0,end,"[{0: [2, 3]}]",-1,0,0,0,0,1,1,,0,0
769213,uM86Z,vcKrE,,2,1,FAILED,13452359,10155,ShapeNet,PointNet,64,1,135.349,6.24,5.32,4532.0,0,13452359.0,13462515.0,0,0.0,10156.0,end,"[{2: [4, 5]}]",-1,0,0,0,0,1,1,,0,0
769294,umFLe,vcKrE,,2,1,COMPLETED,13454554,224,CIFAR-10,MobileNetV2,32,1,895.251,28.833,7.333,2320.0,0,13454554.0,13454779.0,0,0.0,225.0,end,"[{2: [6, 7]}]",-1,0,0,0,0,1,1,,0,0
769308,umFLe,vcKrE,,2,1,CANCELLED,13455065,426919,ImageNet,ResNet50,32,1,670.679,95.864,67.568,3838.0,0,13455065.0,13881985.0,0,0.0,426920.0,end,"[{2: [6, 7]}]",-1,0,0,0,0,1,1,,0,0
769412,uM86Z,vcKrE,,2,1,FAILED,13460277,354762,ImageNet,MobileNetV3,128,1,3482.526,86.121,33.939,3216.0,0,13460277.0,13815040.0,0,0.0,354763.0,end,"[{0: [0, 1]}]",-1,0,0,0,0,1,1,,0,0
769450,uM86Z,vcKrE,,2,1,FAILED,13462514,352489,SQuAD,BERT,32,0,84.872,99.689,62.484,20162.0,0,13462514.0,13815004.0,0,0.0,352490.0,end,"[{3: [0, 1]}]",-1,0,0,0,0,1,1,,0,0
770033,ug5JM,vcKrE,,3,1,CANCELLED,13516517,603168,SQuAD,BERT,32,1,119.911,99.593,74.23,16334.0,0,13516517.0,14119686.0,0,0.0,603169.0,end,"[{3: [2, 3, 4]}]",-1,0,0,0,0,1,1,,0,0
770052,uM86Z,vcKrE,,2,1,FAILED,13517517,297512,SQuAD,BERT,32,1,119.911,99.593,74.23,16334.0,0,13517517.0,13815030.0,0,0.0,297513.0,end,"[{2: [4, 5]}]",-1,0,0,0,0,1,1,,0,0
770088,umFLe,vcKrE,,2,1,COMPLETED,13518940,201,CIFAR-10,EfficientNet,32,0,814.137,24.5,3.0,2308.0,0,13518940.0,13519142.0,0,0.0,202.0,end,"[{3: [5, 6]}]",-1,0,0,0,0,1,1,,0,0
770102,umFLe,vcKrE,,2,1,CANCELLED,13519585,367569,SQuAD,BERT,32,1,119.911,99.593,74.23,16334.0,0,13519585.0,13887155.0,0,0.0,367570.0,end,"[{0: [4, 5]}]",-1,0,0,0,0,1,1,,0,0
770322,ug5JM,vcKrE,,2,1,FAILED,13535822,142,BipedalWalker,TD3,32,0,16.292,12.828,0.0,2059.0,0,13535822.0,13535965.0,0,0.0,143.0,end,"[{3: [5, 6]}]",-1,0,0,0,0,1,1,,0,0
770913,umFLe,vcKrE,,2,1,CANCELLED,13618998,6,BipedalWalker,TD3,32,0,16.292,12.828,0.0,2059.0,0,13618998.0,13619005.0,0,0.0,7.0,end,"[{1: [6, 7]}]",-1,0,0,0,0,1,1,,0,0
770914,umFLe,vcKrE,,2,1,COMPLETED,13619053,328,CIFAR-10,MobileNetV2,32,1,895.251,28.833,7.333,2320.0,0,13619053.0,13619382.0,0,0.0,329.0,end,"[{1: [6, 7]}]",-1,0,0,0,0,1,1,,0,0
770926,umFLe,vcKrE,,2,1,CANCELLED,13620274,348569,ImageNet,MobileNetV3,64,0,2537.436,80.522,44.261,3266.0,0,13620274.0,13968844.0,0,0.0,348570.0,end,"[{1: [6, 7]}]",-1,0,0,0,0,1,1,,0,0
771746,ug5JM,vcKrE,,2,1,FAILED,13766388,245,MovieLens,NeuMF,64,0,15393.307,10.483,2.023,2050.0,0,13766388.0,13766634.0,0,0.0,246.0,end,"[{3: [5, 6]}]",-1,0,0,0,0,1,1,,0,0
772234,uLfZg,vcKrE,,1,1,FAILED,13791734,2,LunarLander,PPO,128,0,46.507,14.96,0.0,2051.0,0,13791734.0,13791737.0,0,0.0,3.0,end,[{3: [5]}],-1,0,0,0,0,1,1,,0,0
772526,ug5JM,vcKrE,,2,1,FAILED,13803217,1375,ShapeNet,PointNet,128,0,140.209,8.982,7.589,10474.0,0,13803217.0,13804593.0,0,0.0,1376.0,end,"[{3: [5, 6]}]",-1,0,0,0,0,1,1,,0,0
772963,uM86Z,vcKrE,,2,1,NODE_FAIL,13815004,68205,ImageNet,MobileNetV3,64,0,2537.436,80.522,44.261,3266.0,0,13815004.0,13883210.0,0,0.0,68206.0,end,"[{3: [0, 1]}]",-1,0,0,0,0,1,1,,0,0
772965,uM86Z,vcKrE,,2,1,COMPLETED,13815030,130,CIFAR-10,EfficientNet,128,0,3465.072,44.833,16.167,2580.0,0,13815030.0,13815161.0,0,0.0,131.0,end,"[{2: [4, 5]}]",-1,0,0,0,0,1,1,,0,0
772966,uM86Z,vcKrE,,2,1,COMPLETED,13815039,330,CIFAR-10,MobileNetV2,32,1,895.251,28.833,7.333,2320.0,0,13815039.0,13815370.0,0,0.0,331.0,end,"[{3: [5, 6]}]",-1,0,0,0,0,1,1,,0,0
772968,uM86Z,vcKrE,,2,1,FAILED,13815049,64262,SQuAD,BERT,32,1,119.911,99.593,74.23,16334.0,0,13815049.0,13879312.0,0,0.0,64263.0,end,"[{0: [0, 1]}]",-1,0,0,0,0,1,1,,0,0
772975,uM86Z,vcKrE,,2,1,NODE_FAIL,13815160,68049,SQuAD,BERT,32,0,84.872,99.689,62.484,20162.0,0,13815160.0,13883210.0,0,0.0,68050.0,end,"[{0: [2, 3]}]",-1,0,0,0,0,1,1,,0,0
772985,uM86Z,vcKrE,,2,1,FAILED,13815370,63911,ImageNet,ResNet50,32,1,670.679,95.864,67.568,3838.0,0,13815370.0,13879282.0,0,0.0,63912.0,end,"[{2: [4, 5]}]",-1,0,0,0,0,1,1,,0,0
773201,ug5JM,vcKrE,,2,1,FAILED,13854921,219,ShapeNet,PointNet,128,0,140.209,8.982,7.589,10474.0,0,13854921.0,13855141.0,0,0.0,220.0,end,"[{3: [5, 6]}]",-1,0,0,0,0,1,1,,0,0
773208,ug5JM,vcKrE,,2,1,CANCELLED,13855865,693247,SQuAD,BERT,32,1,119.911,99.593,74.23,16334.0,0,13855865.0,14630635.0,5,81322.0,774770.0,end,"[{3: [0, 1]}]",-1,0,0,0,0,1,1,,0,0
773243,ug5JM,vcKrE,,2,1,FAILED,13860198,247,ShapeNet,PointNet,64,0,138.049,7.75,6.571,6346.0,0,13860198.0,13860446.0,0,0.0,248.0,end,"[{3: [5, 6]}]",-1,0,0,0,0,1,1,,0,0
773855,uLfZg,vcKrE,,1,1,FAILED,13881111,235,CIFAR-10,MobileNetV2,32,1,895.251,28.833,7.333,2320.0,0,13881111.0,13881347.0,0,0.0,236.0,end,[{3: [7]}],-1,0,0,0,0,1,1,,0,0
773952,umFLe,vcKrE,,2,1,CANCELLED,13882455,5,CIFAR-10,MobileNetV2,128,1,2866.76,55.714,28.286,2992.0,0,13882455.0,13882461.0,0,0.0,6.0,end,"[{0: [0, 1]}]",-1,0,0,0,0,1,1,,0,0
773976,ug5JM,vcKrE,,2,1,CANCELLED,13882634,90314,ImageNet,ResNet50,32,1,670.679,95.864,67.568,3838.0,0,13882634.0,13972949.0,0,0.0,90315.0,end,"[{0: [0, 1]}]",-1,0,0,0,0,1,1,,0,0
773982,umFLe,vcKrE,,2,1,COMPLETED,13882856,188,MovieLens,NeuMF,64,1,12173.612,9.836,2.009,2050.0,0,13882856.0,13883045.0,0,0.0,189.0,end,"[{2: [4, 5]}]",-1,0,0,0,0,1,1,,0,0
774014,uM86Z,vcKrE,,2,1,FAILED,13883232,375,ShapeNet,PointNet,32,0,131.491,11.533,9.667,3968.0,0,13883232.0,13883608.0,0,0.0,376.0,end,"[{0: [2, 3]}]",-1,0,0,0,0,1,1,,0,0
774015,uM86Z,vcKrE,,2,1,FAILED,13883242,2773,LunarLander,PPO,32,0,5.156,12.425,0.0,2051.0,0,13883242.0,13886016.0,0,0.0,2774.0,end,"[{3: [0, 1]}]",-1,0,0,0,0,1,1,,0,0
774016,uM86Z,vcKrE,,2,1,FAILED,13883250,94341,SQuAD,BERT,32,1,119.911,99.593,74.23,16334.0,0,13883250.0,13977592.0,0,0.0,94342.0,end,"[{2: [4, 5]}]",-1,0,0,0,0,1,1,,0,0
774018,uM86Z,vcKrE,,2,1,FAILED,13883262,97809,ImageNet,ResNet50,32,1,670.679,95.864,67.568,3838.0,0,13883262.0,13981072.0,0,0.0,97810.0,end,"[{2: [6, 7]}]",-1,0,0,0,0,1,1,,0,0
774024,uM86Z,vcKrE,,2,1,FAILED,13883749,192309,SQuAD,BERT,32,0,84.872,99.689,62.484,20162.0,0,13883749.0,14076059.0,0,0.0,192310.0,end,"[{0: [2, 3]}]",-1,0,0,0,0,1,1,,0,0
774143,uM86Z,vcKrE,,2,1,FAILED,13886146,143021,SQuAD,BERT,32,1,119.911,99.593,74.23,16334.0,0,13886146.0,14029168.0,0,0.0,143022.0,end,"[{3: [0, 1]}]",-1,0,0,0,0,1,1,,0,0
774169,umFLe,vcKrE,,2,1,CANCELLED,13887108,506618,ImageNet,ResNet50,32,0,432.563,100.0,80.754,5518.0,0,13887108.0,14404213.0,1,10446.0,517105.0,end,"[{3: [5, 6]}]",-1,0,0,0,0,1,1,,0,0
774296,umFLe,vcKrE,,2,1,CANCELLED,13887837,498806,SQuAD,BERT,32,1,119.911,99.593,74.23,16334.0,0,13887837.0,14386644.0,0,0.0,498807.0,end,"[{0: [4, 5]}]",-1,0,0,0,0,1,1,,0,0
774355,uG9Lr,vcKrE,,1,1,FAILED,13888628,250,MovieLens,NeuMF,128,1,23040.359,9.643,1.983,2050.0,0,13888628.0,13888879.0,0,0.0,251.0,end,[{3: [7]}],-1,0,0,0,0,1,1,,0,0
774357,umFLe,vcKrE,,2,1,CANCELLED,13889104,10445,MovieLens,NeuMF,64,0,15393.307,10.483,2.023,2050.0,0,13889104.0,13899550.0,0,0.0,10446.0,end,"[{3: [5, 6]}]",-1,0,0,0,0,1,1,,0,0
774415,uG9Lr,vcKrE,,1,1,FAILED,13891310,230,CIFAR-10,ResNet18,128,1,5699.482,78.0,43.667,4036.0,0,13891310.0,13891541.0,0,0.0,231.0,end,[{3: [7]}],-1,0,0,0,0,1,1,,0,0
774418,uG9Lr,vcKrE,,1,1,FAILED,13891739,246,LunarLander,PPO,128,0,46.507,14.96,0.0,2051.0,0,13891739.0,13891986.0,0,0.0,247.0,end,[{3: [7]}],-1,0,0,0,0,1,1,,0,0
774510,uG9Lr,vcKrE,,1,1,COMPLETED,13894677,394475,ImageNet,ResNet50,64,0,435.943,100.0,80.899,8570.0,0,13894677.0,14289153.0,0,0.0,394476.0,end,[{3: [7]}],-1,0,0,0,0,1,1,,0,0
776515,ug5JM,vcKrE,,2,1,CANCELLED,13972930,173076,SQuAD,BERT,32,1,119.911,99.593,74.23,16334.0,0,13972930.0,14146007.0,0,0.0,173077.0,end,"[{1: [6, 7]}]",-1,0,0,0,0,1,1,,0,0
776654,uM86Z,vcKrE,,2,1,FAILED,13977715,160302,ImageNet,ResNet50,32,1,670.679,95.864,67.568,3838.0,0,13977715.0,14138018.0,0,0.0,160303.0,end,"[{2: [0, 1]}]",-1,0,0,0,0,1,1,,0,0
776887,uM86Z,vcKrE,,2,1,FAILED,13981371,53742,ImageNet,ResNet50,32,1,670.679,95.864,67.568,3838.0,0,13981371.0,14035114.0,0,0.0,53743.0,end,"[{2: [2, 3]}]",-1,0,0,0,0,1,1,,0,0
776908,umFLe,vcKrE,,2,1,CANCELLED,13983306,4,CIFAR-10,EfficientNet,32,0,814.137,24.5,3.0,2308.0,0,13983306.0,13983311.0,0,0.0,5.0,end,"[{2: [4, 5]}]",-1,0,0,0,0,1,1,,0,0
776911,umFLe,vcKrE,,2,1,CANCELLED,13983363,570543,ImageNet,MobileNetV3,32,1,978.255,34.966,7.931,2382.0,0,13983363.0,14553907.0,0,0.0,570544.0,end,"[{2: [4, 5]}]",-1,0,0,0,0,1,1,,0,0
776913,umFLe,vcKrE,,2,1,CANCELLED,13983458,4,MovieLens,NeuMF,128,0,29773.989,10.483,2.011,2050.0,0,13983458.0,13983463.0,0,0.0,5.0,end,"[{2: [6, 7]}]",-1,0,0,0,0,1,1,,0,0
776914,umFLe,vcKrE,,2,1,CANCELLED,13983516,519302,ImageNet,ResNet50,128,0,465.651,100.0,86.927,13326.0,0,13983516.0,14502819.0,0,0.0,519303.0,end,"[{2: [6, 7]}]",-1,0,0,0,0,1,1,,0,0
783812,uM86Z,vcKrE,,2,1,FAILED,14029167,30627,LSUN,DCGAN,64,0,3275.832,72.9,31.0,2322.0,0,14029167.0,14059795.0,0,0.0,30628.0,end,"[{0: [0, 1]}]",-1,0,0,0,0,1,1,,0,0
783908,uM86Z,vcKrE,,1,1,COMPLETED,14035115,23149,Wikitext2,LSTM,64,1,4495.889,73.625,60.0,3750.0,0,14035115.0,14058265.0,0,0.0,23150.0,end,[{2: [2]}],-1,0,0,0,0,1,1,,0,0
783909,uM86Z,vcKrE,,1,1,COMPLETED,14035120,3,CIFAR-10,ResNet18,32,1,1649.038,40.667,20.333,2330.0,0,14035120.0,14035124.0,0,0.0,4.0,end,[{2: [3]}],-1,0,0,0,0,1,1,,0,0
783911,uM86Z,vcKrE,,1,1,COMPLETED,14035125,23137,Multi30k,Transformer,32,0,464.423,53.645,17.258,11949.258,0,14035125.0,14058263.0,0,0.0,23138.0,end,[{2: [3]}],-1,0,0,0,0,1,1,,0,0
784410,umFLe,vcKrE,,1,1,CANCELLED,14046804,9,BipedalWalker,TD3,32,0,16.292,12.828,0.0,2059.0,0,14046804.0,14046814.0,0,0.0,10.0,end,[{1: [4]}],-1,0,0,0,0,1,1,,0,0
784412,umFLe,vcKrE,,1,1,COMPLETED,14046867,243,CIFAR-10,VGG,32,1,3556.88,48.0,19.0,2762.0,0,14046867.0,14047111.0,0,0.0,244.0,end,[{1: [4]}],-1,0,0,0,0,1,1,,0,0
784425,umFLe,vcKrE,,1,1,COMPLETED,14047578,225,LunarLander,PPO,64,0,14.246,11.949,0.0,2051.0,0,14047578.0,14047804.0,0,0.0,226.0,end,[{1: [4]}],-1,0,0,0,0,1,1,,0,0
784434,umFLe,vcKrE,,1,1,COMPLETED,14048094,206,CIFAR-10,ResNet18,128,0,4903.86,96.25,67.0,3072.0,0,14048094.0,14048301.0,0,0.0,207.0,end,[{1: [4]}],-1,0,0,0,0,1,1,,0,0
784444,umFLe,vcKrE,,1,1,COMPLETED,14048459,183,CIFAR-10,MobileNetV2,32,0,1108.427,42.8,17.0,2508.0,0,14048459.0,14048643.0,0,0.0,184.0,end,[{1: [4]}],-1,0,0,0,0,1,1,,0,0
784453,umFLe,vcKrE,,1,1,COMPLETED,14048694,190,CIFAR-10,EfficientNet,64,1,1371.123,25.5,3.167,2290.0,0,14048694.0,14048885.0,0,0.0,191.0,end,[{1: [4]}],-1,0,0,0,0,1,1,,0,0
784504,umFLe,vcKrE,,1,1,COMPLETED,14049425,236,CIFAR-10,ResNet18,32,0,1763.905,58.667,25.0,2360.0,0,14049425.0,14049662.0,0,0.0,237.0,end,[{1: [4]}],-1,0,0,0,0,1,1,,0,0
784522,umFLe,vcKrE,,1,1,COMPLETED,14049755,234,MovieLens,NeuMF,128,0,29773.989,10.483,2.011,2050.0,0,14049755.0,14049990.0,0,0.0,235.0,end,[{1: [4]}],-1,0,0,0,0,1,1,,0,0
784555,umFLe,vcKrE,,1,1,CANCELLED,14050173,71,CIFAR-10,VGG,64,0,7430.143,51.0,30.0,3584.0,0,14050173.0,14050245.0,0,0.0,72.0,end,[{1: [4]}],-1,0,0,0,0,1,1,,0,0
784563,umFLe,vcKrE,,1,1,CANCELLED,14050255,797,LunarLander,PPO,64,0,14.246,11.949,0.0,2051.0,0,14050255.0,14051053.0,0,0.0,798.0,end,[{1: [4]}],-1,0,0,0,0,1,1,,0,0
784784,uM86Z,vcKrE,,2,1,FAILED,14058267,97056,ImageNet,MobileNetV3,32,0,1304.503,45.409,19.727,2694.0,0,14058267.0,14155324.0,0,0.0,97057.0,end,"[{1: [4, 5]}]",-1,0,0,0,0,1,1,,0,0
784807,umFLe,vcKrE,,2,1,CANCELLED,14058783,583724,SQuAD,BERT,32,0,84.872,99.689,62.484,20162.0,0,14058783.0,14642508.0,0,0.0,583725.0,end,"[{2: [2, 3]}]",-1,0,0,0,0,1,1,,0,0
784843,uM86Z,vcKrE,,2,1,FAILED,14059794,239047,SQuAD,BERT,32,1,119.911,99.593,74.23,16334.0,0,14059794.0,14298842.0,0,0.0,239048.0,end,"[{0: [6, 7]}]",-1,0,0,0,0,1,1,,0,0
784911,ug5JM,vcKrE,,2,1,FAILED,14063083,179,CIFAR-10,MobileNetV2,64,1,1710.877,41.833,16.167,2528.0,0,14063083.0,14063263.0,0,0.0,180.0,end,"[{0: [0, 1]}]",-1,0,0,0,0,1,1,,0,0
784933,ug5JM,vcKrE,,2,1,FAILED,14065391,158,LunarLander,PPO,64,0,14.246,11.949,0.0,2051.0,0,14065391.0,14065550.0,0,0.0,159.0,end,"[{0: [0, 1]}]",-1,0,0,0,0,1,1,,0,0
784949,ug5JM,vcKrE,,2,1,FAILED,14066077,223,CIFAR-10,VGG,32,0,2998.72,44.0,23.0,3386.0,0,14066077.0,14066301.0,0,0.0,224.0,end,"[{0: [0, 1]}]",-1,0,0,0,0,1,1,,0,0
784967,ug5JM,vcKrE,,2,1,FAILED,14066949,239,ShapeNet,PointNet,128,0,140.209,8.982,7.589,10474.0,0,14066949.0,14067189.0,0,0.0,240.0,end,"[{0: [0, 1]}]",-1,0,0,0,0,1,1,,0,0
784982,ug5JM,vcKrE,,2,1,CANCELLED,14067700,481416,ImageNet,MobileNetV3,128,0,3353.137,100.0,60.912,4428.0,0,14067700.0,14549117.0,0,0.0,481417.0,end,"[{0: [0, 1]}]",-1,0,0,0,0,1,1,,0,0
785110,uM86Z,vcKrE,,2,1,FAILED,14076059,151674,ImageNet,MobileNetV3,32,1,978.255,34.966,7.931,2382.0,0,14076059.0,14227734.0,0,0.0,151675.0,end,"[{0: [2, 3]}]",-1,0,0,0,0,1,1,,0,0
785112,u3YfL,vcKrE,,1,1,FAILED,14076196,101,CIFAR-10,ResNet18,32,0,1763.905,58.667,25.0,2360.0,0,14076196.0,14076298.0,0,0.0,102.0,end,[{1: [0]}],-1,0,0,0,0,1,1,,0,0
785152,u3YfL,vcKrE,,1,1,COMPLETED,14081242,725387,SQuAD,BERT,32,1,119.911,99.593,74.23,16334.0,0,14081242.0,14807043.0,1,373.0,725801.0,end,[{1: [7]}],-1,0,0,0,0,1,1,,0,0
785297,umFLe,vcKrE,,2,1,CANCELLED,14124097,5,ShapeNet,PointNet,64,1,135.349,6.24,5.32,4532.0,0,14124097.0,14124103.0,0,0.0,6.0,end,"[{1: [1, 2]}]",-1,0,0,0,0,1,1,,0,0
785298,umFLe,vcKrE,,2,1,CANCELLED,14124137,452496,ImageNet,MobileNetV3,32,0,1304.503,45.409,19.727,2694.0,0,14124137.0,14576634.0,0,0.0,452497.0,end,"[{1: [1, 2]}]",-1,0,0,0,0,1,1,,0,0
785387,umFLe,vcKrE,,2,1,CANCELLED,14131446,5,CIFAR-10,VGG,32,0,2998.72,44.0,23.0,3386.0,0,14131446.0,14131452.0,0,0.0,6.0,end,"[{3: [2, 3]}]",-1,0,0,0,0,1,1,,0,0
785391,umFLe,vcKrE,,2,1,CANCELLED,14131496,606985,ImageNet,ResNet50,32,0,432.563,100.0,80.754,5518.0,0,14131496.0,14738482.0,0,0.0,606986.0,end,"[{3: [2, 3]}]",-1,0,0,0,0,1,1,,0,0
785515,uM86Z,vcKrE,,2,1,FAILED,14138018,19845,Multi30k,Transformer,32,0,464.423,53.645,17.258,11949.258,0,14138018.0,14157864.0,0,0.0,19846.0,end,"[{2: [0, 1]}]",-1,0,0,0,0,1,1,,0,0
785628,uG9Lr,vcKrE,,1,1,COMPLETED,14143200,356160,SQuAD,BERT,32,0,84.872,99.689,62.484,20162.0,0,14143200.0,14499361.0,0,0.0,356161.0,end,[{1: [3]}],-1,0,0,0,0,1,1,,0,0
785675,ug5JM,vcKrE,,2,1,CANCELLED,14145634,402332,SQuAD,BERT,32,1,119.911,99.593,74.23,16334.0,0,14146007.0,14548340.0,0,373.0,402706.0,end,"[{1: [0, 6]}]",-1,0,0,0,0,1,1,,0,0
785819,uM86Z,vcKrE,,2,1,FAILED,14155324,145261,SQuAD,BERT,32,0,84.872,99.689,62.484,20162.0,0,14155324.0,14300586.0,0,0.0,145262.0,end,"[{1: [4, 5]}]",-1,0,0,0,0,1,1,,0,0
785840,uM86Z,vcKrE,,2,1,FAILED,14157864,70560,SQuAD,BERT,32,1,119.911,99.593,74.23,16334.0,0,14157864.0,14228425.0,0,0.0,70561.0,end,"[{2: [0, 1]}]",-1,0,0,0,0,1,1,,0,0
786117,uM86Z,vcKrE,,2,1,FAILED,14227734,71867,SQuAD,BERT,32,0,84.872,99.689,62.484,20162.0,0,14227734.0,14299602.0,0,0.0,71868.0,end,"[{0: [2, 3]}]",-1,0,0,0,0,1,1,,0,0
786134,uM86Z,vcKrE,,2,1,FAILED,14228425,72125,ImageNet,ResNet50,128,1,765.473,99.66,75.566,7992.0,0,14228425.0,14300551.0,0,0.0,72126.0,end,"[{2: [0, 1]}]",-1,0,0,0,0,1,1,,0,0
786522,uM86Z,vcKrE,,2,1,COMPLETED,14298841,1145,BipedalWalker,TD3,128,0,67.445,14.089,0.0,2059.0,0,14298841.0,14299987.0,0,0.0,1146.0,end,"[{3: [4, 7]}]",-1,0,0,0,0,1,1,,0,0
786524,uM86Z,vcKrE,,2,1,FAILED,14299602,169096,ImageNet,MobileNetV3,32,0,1304.503,45.409,19.727,2694.0,0,14299602.0,14468699.0,0,0.0,169097.0,end,"[{0: [2, 3]}]",-1,0,0,0,0,1,1,,0,0
786527,uM86Z,vcKrE,,2,1,FAILED,14299987,187105,SQuAD,BERT,32,0,84.872,99.689,62.484,20162.0,0,14299987.0,14487093.0,0,0.0,187106.0,end,"[{0: [6, 7]}]",-1,0,0,0,0,1,1,,0,0
786531,uM86Z,vcKrE,,2,1,FAILED,14300550,43,ShapeNet,PointNet,32,1,136.02,7.0,5.615,3334.0,0,14300550.0,14300594.0,0,0.0,44.0,end,"[{3: [4, 7]}]",-1,0,0,0,0,1,1,,0,0
786532,uM86Z,vcKrE,,2,1,COMPLETED,14300586,14592,LSUN,DCGAN,128,0,4659.802,94.0,41.0,3096.0,0,14300586.0,14315179.0,0,0.0,14593.0,end,"[{1: [4, 5]}]",-1,0,0,0,0,1,1,,0,0
786533,uM86Z,vcKrE,,2,1,FAILED,14300593,186902,ImageNet,MobileNetV3,32,0,1304.503,45.409,19.727,2694.0,0,14300593.0,14487496.0,0,0.0,186903.0,end,"[{2: [0, 1]}]",-1,0,0,0,0,1,1,,0,0
786609,uM86Z,vcKrE,,2,1,FAILED,14315178,235175,SQuAD,BERT,32,1,119.911,99.593,74.23,16334.0,0,14315178.0,14550354.0,0,0.0,235176.0,end,"[{3: [4, 7]}]",-1,0,0,0,0,1,1,,0,0
788526,uM86Z,vcKrE,,2,1,FAILED,14468698,80833,ImageNet,MobileNetV3,64,0,2537.436,80.522,44.261,3266.0,0,14468698.0,14549532.0,0,0.0,80834.0,end,"[{0: [4, 5]}]",-1,0,0,0,0,1,1,,0,0
788897,uM86Z,vcKrE,,2,1,FAILED,14487092,101337,ImageNet,ResNet50,32,0,432.563,100.0,80.754,5518.0,0,14487092.0,14588430.0,0,0.0,101338.0,end,"[{0: [2, 3]}]",-1,0,0,0,0,1,1,,0,0
788910,uM86Z,vcKrE,,2,1,FAILED,14487495,75549,ImageNet,MobileNetV3,32,1,978.255,34.966,7.931,2382.0,0,14487495.0,14563045.0,0,0.0,75550.0,end,"[{0: [6, 7]}]",-1,0,0,0,0,1,1,,0,0
789043,umFLe,vcKrE,,2,1,CANCELLED,14492740,8,CIFAR-10,EfficientNet,64,1,1371.123,25.5,3.167,2290.0,0,14492740.0,14492749.0,0,0.0,9.0,end,"[{1: [4, 5]}]",-1,0,0,0,0,1,1,,0,0
789044,umFLe,vcKrE,,2,1,CANCELLED,14492829,887,CIFAR-10,EfficientNet,64,1,1371.123,25.5,3.167,2290.0,0,14492829.0,14493717.0,0,0.0,888.0,end,"[{1: [4, 5]}]",-1,0,0,0,0,1,1,,0,0
789052,umFLe,vcKrE,,2,1,CANCELLED,14493734,321568,SQuAD,BERT,32,0,84.872,99.689,62.484,20162.0,0,14493734.0,14815303.0,0,0.0,321569.0,end,"[{1: [4, 5]}]",-1,0,0,0,0,1,1,,0,0
789195,umFLe,vcKrE,,2,1,CANCELLED,14502729,4,CIFAR-10,ResNet18,32,0,1763.905,58.667,25.0,2360.0,0,14502729.0,14502734.0,0,0.0,5.0,end,"[{2: [0, 1]}]",-1,0,0,0,0,1,1,,0,0
789198,umFLe,vcKrE,,2,1,COMPLETED,14502790,253,CIFAR-10,MobileNetV2,64,0,2228.976,69.5,39.5,3010.0,0,14502790.0,14503044.0,0,0.0,254.0,end,"[{2: [0, 1]}]",-1,0,0,0,0,1,1,,0,0
789202,umFLe,vcKrE,,2,1,CANCELLED,14502947,10,CIFAR-10,VGG,128,0,7260.35,50.5,34.0,3990.0,0,14502947.0,14502958.0,0,0.0,11.0,end,"[{2: [6, 7]}]",-1,0,0,0,0,1,1,,0,0
789203,umFLe,vcKrE,,2,1,CANCELLED,14503001,11,CIFAR-10,EfficientNet,32,1,680.977,20.571,1.286,2176.0,0,14503001.0,14503013.0,0,0.0,12.0,end,"[{2: [6, 7]}]",-1,0,0,0,0,1,1,,0,0
789205,umFLe,vcKrE,,2,1,CANCELLED,14503095,118,CIFAR-10,EfficientNet,32,0,814.137,24.5,3.0,2308.0,0,14503095.0,14503214.0,0,0.0,119.0,end,"[{3: [5, 6]}]",-1,0,0,0,0,1,1,,0,0
789207,umFLe,vcKrE,,2,1,CANCELLED,14503223,152008,SQuAD,BERT,32,1,119.911,99.593,74.23,16334.0,0,14503223.0,14655232.0,0,0.0,152009.0,end,"[{3: [5, 6]}]",-1,0,0,0,0,1,1,,0,0
789208,umFLe,vcKrE,,2,1,CANCELLED,14503244,5,CIFAR-10,VGG,64,0,7430.143,51.0,30.0,3584.0,0,14503244.0,14503250.0,0,0.0,6.0,end,"[{2: [0, 1]}]",-1,0,0,0,0,1,1,,0,0
789211,umFLe,vcKrE,,2,1,CANCELLED,14503285,499565,ImageNet,ResNet50,32,1,670.679,95.864,67.568,3838.0,0,14503285.0,15005725.0,3,2754.0,502440.0,end,"[{3: [4, 7]}]",-1,0,0,0,0,1,1,,0,0
789325,uG9Lr,vcKrE,,1,1,CANCELLED,14519186,49,LunarLander,PPO,128,0,46.507,14.96,0.0,2051.0,0,14519186.0,14519236.0,0,0.0,50.0,end,[{1: [3]}],-1,0,0,0,0,1,1,,0,0
789326,uG9Lr,vcKrE,,1,1,CANCELLED,14519207,29,CIFAR-10,EfficientNet,128,1,2802.744,33.571,7.286,2358.0,0,14519207.0,14519237.0,0,0.0,30.0,end,[{2: [6]}],-1,0,0,0,0,1,1,,0,0
789327,uG9Lr,vcKrE,,1,1,COMPLETED,14519255,273308,SQuAD,BERT,32,1,119.911,99.593,74.23,16334.0,0,14519255.0,14792564.0,0,0.0,273309.0,end,[{1: [3]}],-1,0,0,0,0,1,1,,0,0
789328,uG9Lr,vcKrE,,1,1,COMPLETED,14519287,273275,ImageNet,MobileNetV3,32,1,978.255,34.966,7.931,2382.0,0,14519287.0,14792563.0,0,0.0,273276.0,end,[{2: [6]}],-1,0,0,0,0,1,1,,0,0
789412,uM86Z,vcKrE,,2,1,FAILED,14549532,294854,ImageNet,MobileNetV3,32,0,1304.503,45.409,19.727,2694.0,0,14549532.0,14844387.0,0,0.0,294855.0,end,"[{1: [0, 6]}]",-1,0,0,0,0,1,1,,0,0
789418,uM86Z,vcKrE,,2,1,FAILED,14550355,79986,SQuAD,BERT,32,1,119.911,99.593,74.23,16334.0,0,14550355.0,14630342.0,0,0.0,79987.0,end,"[{3: [4, 7]}]",-1,0,0,0,0,1,1,,0,0
789449,umFLe,vcKrE,,2,1,CANCELLED,14553761,6,CIFAR-10,EfficientNet,32,1,680.977,20.571,1.286,2176.0,0,14553761.0,14553768.0,0,0.0,7.0,end,"[{0: [0, 1]}]",-1,0,0,0,0,1,1,,0,0
789451,umFLe,vcKrE,,2,1,CANCELLED,14553876,174272,SQuAD,BERT,32,0,84.872,99.689,62.484,20162.0,0,14553876.0,14728149.0,0,0.0,174273.0,end,"[{0: [0, 1]}]",-1,0,0,0,0,1,1,,0,0
789491,ug5JM,vcKrE,,2,1,FAILED,14558186,69,CIFAR-10,VGG,32,0,2998.72,44.0,23.0,3386.0,0,14558186.0,14558256.0,0,0.0,70.0,end,"[{0: [4, 5]}]",-1,0,0,0,0,1,1,,0,0
789533,uM86Z,vcKrE,,2,1,COMPLETED,14563044,281344,ImageNet,MobileNetV3,128,0,3353.137,100.0,60.912,4428.0,0,14563044.0,14844389.0,0,0.0,281345.0,end,"[{0: [4, 5]}]",-1,0,0,0,0,1,1,,0,0
790404,ug5JM,vcKrE,,2,1,CANCELLED,14572278,175819,ImageNet,MobileNetV3,32,1,978.255,34.966,7.931,2382.0,0,14572278.0,14748098.0,0,0.0,175820.0,end,"[{0: [6, 7]}]",-1,0,0,0,0,1,1,,0,0
790607,umFLe,vcKrE,,2,1,CANCELLED,14576782,412268,ImageNet,MobileNetV3,32,1,978.255,34.966,7.931,2382.0,0,14576782.0,14989051.0,0,0.0,412269.0,end,"[{1: [1, 2]}]",-1,0,0,0,0,1,1,,0,0
790675,uM86Z,vcKrE,,2,1,COMPLETED,14578236,7442,MovieLens,NeuMF,64,0,15393.307,10.483,2.023,2050.0,0,14578236.0,14585679.0,0,0.0,7443.0,end,"[{2: [4, 5]}]",-1,0,0,0,0,1,1,,0,0
790882,umFLe,vcKrE,,2,1,CANCELLED,14582927,362638,ImageNet,ResNet50,32,0,432.563,100.0,80.754,5518.0,0,14582927.0,14945566.0,0,0.0,362639.0,end,"[{2: [0, 1]}]",-1,0,0,0,0,1,1,,0,0
790913,uM86Z,vcKrE,,1,1,COMPLETED,14583718,943,LunarLander,PPO,128,0,46.507,14.96,0.0,2051.0,0,14583718.0,14584662.0,0,0.0,944.0,end,[{2: [7]}],-1,0,0,0,0,1,1,,0,0
791062,uM86Z,vcKrE,,2,1,COMPLETED,14588429,2,CIFAR-10,VGG,64,0,7430.143,51.0,30.0,3584.0,0,14588429.0,14588432.0,0,0.0,3.0,end,"[{2: [4, 5]}]",-1,0,0,0,0,1,1,,0,0
791063,uM86Z,vcKrE,,2,1,COMPLETED,14588439,255948,SQuAD,BERT,32,0,84.872,99.689,62.484,20162.0,0,14588439.0,14844388.0,0,0.0,255949.0,end,"[{2: [4, 5]}]",-1,0,0,0,0,1,1,,0,0
791115,uG9Lr,vcKrE,,1,1,COMPLETED,14590053,280933,ImageNet,MobileNetV3,64,1,1908.093,52.355,18.065,2706.0,0,14590053.0,14870987.0,0,0.0,280934.0,end,[{2: [7]}],-1,0,0,0,0,1,1,,0,0
791944,uM86Z,vcKrE,,2,1,FAILED,14630341,214066,SQuAD,BERT,32,1,119.911,99.593,74.23,16334.0,0,14630341.0,14844408.0,0,0.0,214067.0,end,"[{0: [2, 3]}]",-1,0,0,0,0,1,1,,0,0
792111,umFLe,vcKrE,,2,1,CANCELLED,14642597,4,CIFAR-10,EfficientNet,128,0,3465.072,44.833,16.167,2580.0,0,14642597.0,14642602.0,0,0.0,5.0,end,"[{2: [2, 3]}]",-1,0,0,0,0,1,1,,0,0
792114,umFLe,vcKrE,,2,1,CANCELLED,14642648,377854,SQuAD,BERT,32,1,119.911,99.593,74.23,16334.0,0,14642648.0,15020503.0,0,0.0,377855.0,end,"[{2: [2, 3]}]",-1,0,0,0,0,1,1,,0,0
793072,umFLe,vcKrE,,2,1,COMPLETED,14675295,210,CIFAR-10,MobileNetV2,128,1,2866.76,55.714,28.286,2992.0,0,14675295.0,14675506.0,0,0.0,211.0,end,"[{3: [0, 1]}]",-1,0,0,0,0,1,1,,0,0
793549,umBPu,vcKrE,,1,1,FAILED,14736138,9,MovieLens,NeuMF,64,0,15393.307,10.483,2.023,2050.0,0,14736138.0,14736148.0,0,0.0,10.0,end,[{0: [0]}],-1,0,0,0,0,1,1,,0,0
794311,ug5JM,vcKrE,,2,1,CANCELLED,14841089,78,MovieLens,NeuMF,128,0,29773.989,10.483,2.011,2050.0,0,14841089.0,14841168.0,0,0.0,79.0,end,"[{0: [0, 1]}]",-1,0,0,0,0,1,1,,0,0
794312,ug5JM,vcKrE,,2,1,FAILED,14841239,41,BipedalWalker,TD3,32,0,16.292,12.828,0.0,2059.0,0,14841239.0,14841281.0,0,0.0,42.0,end,"[{0: [0, 1]}]",-1,0,0,0,0,1,1,,0,0
794313,ug5JM,vcKrE,,2,1,CANCELLED,14841787,511033,ImageNet,ResNet50,32,1,670.679,95.864,67.568,3838.0,0,14841787.0,15352821.0,0,0.0,511034.0,end,"[{0: [0, 1]}]",-1,0,0,0,0,1,1,,0,0
794324,uM86Z,vcKrE,,2,1,FAILED,14844797,1121,MovieLens,NeuMF,64,1,12173.612,9.836,2.009,2050.0,0,14844797.0,14845919.0,0,0.0,1122.0,end,"[{2: [4, 5]}]",-1,0,0,0,0,1,1,,0,0
794325,uM86Z,vcKrE,,2,1,FAILED,14844799,2239,MovieLens,NeuMF,64,0,15393.307,10.483,2.023,2050.0,0,14844799.0,14847039.0,0,0.0,2240.0,end,"[{0: [2, 3]}]",-1,0,0,0,0,1,1,,0,0
794326,uM86Z,vcKrE,,2,1,FAILED,14844799,2474,CIFAR-10,ResNet18,32,1,1649.038,40.667,20.333,2330.0,0,14844799.0,14847274.0,0,0.0,2475.0,end,"[{0: [4, 5]}]",-1,0,0,0,0,1,1,,0,0
794327,uM86Z,vcKrE,,2,1,FAILED,14844800,143469,ImageNet,ResNet50,32,1,670.679,95.864,67.568,3838.0,0,14844800.0,14988270.0,0,0.0,143470.0,end,"[{0: [6, 7]}]",-1,0,0,0,0,1,1,,0,0
794336,uM86Z,vcKrE,,2,1,COMPLETED,14845919,56915,ImageNet,ResNet50,32,0,432.563,100.0,80.754,5518.0,0,14845919.0,14902835.0,0,0.0,56916.0,end,"[{2: [4, 5]}]",-1,0,0,0,0,1,1,,0,0
794345,uM86Z,vcKrE,,2,1,FAILED,14847040,308523,SQuAD,BERT,32,1,119.911,99.593,74.23,16334.0,0,14847040.0,15155564.0,0,0.0,308524.0,end,"[{0: [2, 3]}]",-1,0,0,0,0,1,1,,0,0
794347,uM86Z,vcKrE,,2,1,FAILED,14847274,311421,SQuAD,BERT,32,1,119.911,99.593,74.23,16334.0,0,14847274.0,15158696.0,0,0.0,311422.0,end,"[{0: [4, 5]}]",-1,0,0,0,0,1,1,,0,0
794367,uG9Lr,vcKrE,,1,1,COMPLETED,14850958,193696,ImageNet,MobileNetV3,32,1,978.255,34.966,7.931,2382.0,0,14850958.0,15044655.0,0,0.0,193697.0,end,[{2: [6]}],-1,0,0,0,0,1,1,,0,0
794369,uG9Lr,vcKrE,,1,1,COMPLETED,14851036,194392,SQuAD,BERT,32,1,119.911,99.593,74.23,16334.0,0,14851036.0,15045429.0,0,0.0,194393.0,end,[{1: [0]}],-1,0,0,0,0,1,1,,0,0
794630,uM86Z,vcKrE,,2,1,FAILED,14902834,77383,SQuAD,BERT,32,0,84.872,99.689,62.484,20162.0,0,14902834.0,14980218.0,0,0.0,77384.0,end,"[{1: [3, 4]}]",-1,0,0,0,0,1,1,,0,0
794650,uG9Lr,vcKrE,,1,1,COMPLETED,14905765,238175,SQuAD,BERT,32,0,84.872,99.689,62.484,20162.0,0,14905765.0,15143941.0,0,0.0,238176.0,end,[{1: [5]}],-1,0,0,0,0,1,1,,0,0
794651,uG9Lr,vcKrE,,1,1,COMPLETED,14905811,238129,SQuAD,BERT,32,0,84.872,99.689,62.484,20162.0,0,14905811.0,15143941.0,0,0.0,238130.0,end,[{1: [6]}],-1,0,0,0,0,1,1,,0,0
795207,umFLe,vcKrE,,2,1,CANCELLED,14945616,127155,ImageNet,MobileNetV3,32,0,1304.503,45.409,19.727,2694.0,0,14945616.0,15072772.0,0,0.0,127156.0,end,"[{2: [0, 1]}]",-1,0,0,0,0,1,1,,0,0
795378,uM86Z,vcKrE,,2,1,FAILED,14980217,172687,ImageNet,ResNet50,128,0,465.651,100.0,86.927,13326.0,0,14980217.0,15152905.0,0,0.0,172688.0,end,"[{2: [4, 5]}]",-1,0,0,0,0,1,1,,0,0
795459,uM86Z,vcKrE,,1,1,FAILED,14988272,167578,SQuAD,BERT,32,1,119.911,99.593,74.23,16334.0,0,14988272.0,15155851.0,0,0.0,167579.0,end,[{2: [7]}],-1,0,0,0,0,1,1,,0,0
795460,uM86Z,vcKrE,,1,1,FAILED,14988285,167560,SQuAD,BERT,32,1,119.911,99.593,74.23,16334.0,0,14988285.0,15155846.0,0,0.0,167561.0,end,[{0: [6]}],-1,0,0,0,0,1,1,,0,0
795973,umFLe,vcKrE,,2,1,CANCELLED,15002936,6,CIFAR-10,EfficientNet,32,0,814.137,24.5,3.0,2308.0,0,15002936.0,15002943.0,0,0.0,7.0,end,"[{1: [1, 2]}]",-1,0,0,0,0,1,1,,0,0
795975,umFLe,vcKrE,,2,1,COMPLETED,15002985,23616,LSUN,DCGAN,32,0,1986.707,57.778,20.222,2458.0,0,15002985.0,15026602.0,0,0.0,23617.0,end,"[{1: [1, 2]}]",-1,0,0,0,0,1,1,,0,0
796014,umFLe,vcKrE,,2,1,CANCELLED,15004173,6,ShapeNet,PointNet,64,0,138.049,7.75,6.571,6346.0,0,15004173.0,15004180.0,0,0.0,7.0,end,"[{1: [3, 4]}]",-1,0,0,0,0,1,1,,0,0
796015,umFLe,vcKrE,,2,1,FAILED,15004225,22943,LSUN,DCGAN,128,0,4659.802,94.0,41.0,3096.0,0,15004225.0,15027169.0,0,0.0,22944.0,end,"[{1: [3, 4]}]",-1,0,0,0,0,1,1,,0,0
796160,uG9Lr,vcKrE,,1,1,COMPLETED,15014274,178672,ImageNet,MobileNetV3,32,0,1304.503,45.409,19.727,2694.0,0,15014274.0,15192947.0,0,0.0,178673.0,end,[{0: [7]}],-1,0,0,0,0,1,1,,0,0
796161,uG9Lr,vcKrE,,1,1,COMPLETED,15014305,178641,ImageNet,ResNet50,32,0,432.563,100.0,80.754,5518.0,0,15014305.0,15192947.0,0,0.0,178642.0,end,[{1: [7]}],-1,0,0,0,0,1,1,,0,0
796253,umFLe,vcKrE,,2,1,CANCELLED,15020788,49575,SQuAD,BERT,32,1,119.911,99.593,74.23,16334.0,0,15020788.0,15070364.0,0,0.0,49576.0,end,"[{2: [2, 3]}]",-1,0,0,0,0,1,1,,0,0
796504,ug5JM,vcKrE,,1,1,FAILED,15066973,86,CIFAR-10,MobileNetV2,32,0,1108.427,42.8,17.0,2508.0,0,15066973.0,15067060.0,0,0.0,87.0,end,[{2: [6]}],-1,0,0,0,0,1,1,,0,0
796508,ug5JM,vcKrE,,1,1,FAILED,15067841,3,CIFAR-10,MobileNetV2,32,0,1108.427,42.8,17.0,2508.0,0,15067841.0,15067845.0,0,0.0,4.0,end,[{2: [6]}],-1,0,0,0,0,1,1,,0,0
796517,ug5JM,vcKrE,,1,1,FAILED,15068136,18,CIFAR-10,ResNet18,32,1,1649.038,40.667,20.333,2330.0,0,15068136.0,15068155.0,0,0.0,19.0,end,[{2: [6]}],-1,0,0,0,0,1,1,,0,0
796520,umFLe,vcKrE,,2,1,CANCELLED,15068872,3,CIFAR-10,MobileNetV2,32,0,1108.427,42.8,17.0,2508.0,0,15068872.0,15068876.0,0,0.0,4.0,end,"[{1: [0, 1]}]",-1,0,0,0,0,1,1,,0,0
796521,umFLe,vcKrE,,2,1,CANCELLED,15068925,180314,ImageNet,ResNet50,64,1,708.822,97.735,72.518,5376.0,0,15068925.0,15249240.0,0,0.0,180315.0,end,"[{1: [0, 1]}]",-1,0,0,0,0,1,1,,0,0
796523,ug5JM,vcKrE,,1,1,FAILED,15069004,61,ShapeNet,PointNet,32,0,131.491,11.533,9.667,3968.0,0,15069004.0,15069066.0,0,0.0,62.0,end,[{2: [6]}],-1,0,0,0,0,1,1,,0,0
796524,umFLe,vcKrE,,2,1,CANCELLED,15069126,7,CIFAR-10,EfficientNet,32,0,814.137,24.5,3.0,2308.0,0,15069126.0,15069134.0,0,0.0,8.0,end,"[{1: [2, 3]}]",-1,0,0,0,0,1,1,,0,0
796525,umFLe,vcKrE,,2,1,CANCELLED,15069175,3778,ShapeNet,PointNet,64,1,135.349,6.24,5.32,4532.0,0,15069175.0,15072954.0,0,0.0,3779.0,end,"[{1: [2, 3]}]",-1,0,0,0,0,1,1,,0,0
796533,ug5JM,vcKrE,,1,1,FAILED,15069913,209,CIFAR-10,MobileNetV2,32,1,895.251,28.833,7.333,2320.0,0,15069913.0,15070123.0,0,0.0,210.0,end,[{1: [4]}],-1,0,0,0,0,1,1,,0,0
796536,ug5JM,vcKrE,,1,1,FAILED,15070315,203,ShapeNet,PointNet,128,0,140.209,8.982,7.589,10474.0,0,15070315.0,15070519.0,0,0.0,204.0,end,[{1: [4]}],-1,0,0,0,0,1,1,,0,0
796542,ug5JM,vcKrE,,1,1,FAILED,15070557,195,CIFAR-10,MobileNetV2,128,0,3516.037,98.833,65.333,4078.0,0,15070557.0,15070753.0,0,0.0,196.0,end,[{1: [4]}],-1,0,0,0,0,1,1,,0,0
796556,ug5JM,vcKrE,,1,1,FAILED,15071257,212,CIFAR-10,VGG,32,1,3556.88,48.0,19.0,2762.0,0,15071257.0,15071470.0,0,0.0,213.0,end,[{1: [4]}],-1,0,0,0,0,1,1,,0,0
796560,ug5JM,vcKrE,,2,1,FAILED,15071780,2,LunarLander,PPO,32,0,5.156,12.425,0.0,2051.0,0,15071780.0,15071783.0,0,0.0,3.0,end,"[{2: [2, 3]}]",-1,0,0,0,0,1,1,,0,0
796561,ug5JM,vcKrE,,2,1,CANCELLED,15071804,100660,SQuAD,BERT,32,0,84.872,99.689,62.484,20162.0,0,15071804.0,15172465.0,0,0.0,100661.0,end,"[{2: [2, 3]}]",-1,0,0,0,0,1,1,,0,0
796562,ug5JM,vcKrE,,1,1,FAILED,15071930,216,CIFAR-10,ResNet18,32,0,1763.905,58.667,25.0,2360.0,0,15071930.0,15072147.0,0,0.0,217.0,end,[{1: [4]}],-1,0,0,0,0,1,1,,0,0
796570,ug5JM,vcKrE,,1,1,FAILED,15072354,200,CIFAR-10,MobileNetV2,32,1,895.251,28.833,7.333,2320.0,0,15072354.0,15072555.0,0,0.0,201.0,end,[{1: [4]}],-1,0,0,0,0,1,1,,0,0
796578,umFLe,vcKrE,,2,1,CANCELLED,15072840,6,CIFAR-10,EfficientNet,64,0,1922.826,35.4,8.0,2766.0,0,15072840.0,15072847.0,0,0.0,7.0,end,"[{2: [0, 1]}]",-1,0,0,0,0,1,1,,0,0
796580,umFLe,vcKrE,,2,1,CANCELLED,15072884,104733,SQuAD,BERT,32,1,119.911,99.593,74.23,16334.0,0,15072884.0,15177618.0,0,0.0,104734.0,end,"[{2: [0, 1]}]",-1,0,0,0,0,1,1,,0,0
796581,umFLe,vcKrE,,2,1,CANCELLED,15072982,5,CIFAR-10,EfficientNet,32,1,680.977,20.571,1.286,2176.0,0,15072982.0,15072988.0,0,0.0,6.0,end,"[{1: [2, 3]}]",-1,0,0,0,0,1,1,,0,0
796595,ug5JM,vcKrE,,1,1,FAILED,15073456,205,BipedalWalker,TD3,64,0,59.807,13.303,0.0,2059.0,0,15073456.0,15073662.0,0,0.0,206.0,end,[{2: [6]}],-1,0,0,0,0,1,1,,0,0
796601,ug5JM,vcKrE,,1,1,FAILED,15073794,231,CIFAR-10,ResNet18,128,1,5699.482,78.0,43.667,4036.0,0,15073794.0,15074026.0,0,0.0,232.0,end,[{2: [6]}],-1,0,0,0,0,1,1,,0,0
796603,u6SPW,vcKrE,,1,1,FAILED,15073822,2,CIFAR-10,EfficientNet,128,0,3465.072,44.833,16.167,2580.0,0,15073822.0,15073825.0,0,0.0,3.0,end,[{1: [2]}],-1,0,0,0,0,1,1,,0,0
796604,umFLe,vcKrE,,2,1,CANCELLED,15073841,286786,ImageNet,MobileNetV3,128,0,3353.137,100.0,60.912,4428.0,0,15073841.0,15360628.0,0,0.0,286787.0,end,"[{1: [2, 3]}]",-1,0,0,0,0,1,1,,0,0
796607,u6SPW,vcKrE,,1,1,COMPLETED,15073945,29,CIFAR-10,ResNet18,32,1,1649.038,40.667,20.333,2330.0,0,15073945.0,15073975.0,0,0.0,30.0,end,[{1: [4]}],-1,0,0,0,0,1,1,,0,0
796608,umFLe,vcKrE,,2,1,CANCELLED,15074000,5,CIFAR-10,VGG,32,1,3556.88,48.0,19.0,2762.0,0,15074000.0,15074006.0,0,0.0,6.0,end,"[{3: [0, 1]}]",-1,0,0,0,0,1,1,,0,0
796620,u6SPW,vcKrE,,1,1,COMPLETED,15074610,21,CIFAR-10,EfficientNet,32,1,680.977,20.571,1.286,2176.0,0,15074610.0,15074632.0,0,0.0,22.0,end,[{1: [4]}],-1,0,0,0,0,1,1,,0,0
796624,u6SPW,vcKrE,,1,1,COMPLETED,15074646,23,CIFAR-10,ResNet18,64,0,3711.999,80.667,47.0,2660.0,0,15074646.0,15074670.0,0,0.0,24.0,end,[{1: [4]}],-1,0,0,0,0,1,1,,0,0
796625,u6SPW,vcKrE,,1,1,COMPLETED,15074687,22,LunarLander,PPO,128,0,46.507,14.96,0.0,2051.0,0,15074687.0,15074710.0,0,0.0,23.0,end,[{1: [4]}],-1,0,0,0,0,1,1,,0,0
796627,u6SPW,vcKrE,,1,1,COMPLETED,15074721,22,CIFAR-10,EfficientNet,32,1,680.977,20.571,1.286,2176.0,0,15074721.0,15074744.0,0,0.0,23.0,end,[{1: [4]}],-1,0,0,0,0,1,1,,0,0
796633,u6SPW,vcKrE,,1,1,COMPLETED,15075046,22,CIFAR-10,MobileNetV2,32,1,895.251,28.833,7.333,2320.0,0,15075046.0,15075069.0,0,0.0,23.0,end,[{1: [4]}],-1,0,0,0,0,1,1,,0,0
796634,u6SPW,vcKrE,,1,1,COMPLETED,15075082,35,CIFAR-10,VGG,64,0,7430.143,51.0,30.0,3584.0,0,15075082.0,15075118.0,0,0.0,36.0,end,[{1: [4]}],-1,0,0,0,0,1,1,,0,0
796636,u6SPW,vcKrE,,1,1,COMPLETED,15075130,16,ShapeNet,PointNet,128,0,140.209,8.982,7.589,10474.0,0,15075130.0,15075147.0,0,0.0,17.0,end,[{1: [4]}],-1,0,0,0,0,1,1,,0,0
796637,u6SPW,vcKrE,,1,1,COMPLETED,15075157,15,BipedalWalker,TD3,128,0,67.445,14.089,0.0,2059.0,0,15075157.0,15075173.0,0,0.0,16.0,end,[{1: [4]}],-1,0,0,0,0,1,1,,0,0
796639,u6SPW,vcKrE,,1,1,COMPLETED,15075238,21,CIFAR-10,VGG,64,0,7430.143,51.0,30.0,3584.0,0,15075238.0,15075260.0,0,0.0,22.0,end,[{1: [4]}],-1,0,0,0,0,1,1,,0,0
796641,u6SPW,vcKrE,,1,1,COMPLETED,15075269,13,LunarLander,PPO,64,0,14.246,11.949,0.0,2051.0,0,15075269.0,15075283.0,0,0.0,14.0,end,[{1: [4]}],-1,0,0,0,0,1,1,,0,0
796644,u6SPW,vcKrE,,1,1,COMPLETED,15075306,22,CIFAR-10,ResNet18,32,1,1649.038,40.667,20.333,2330.0,0,15075306.0,15075329.0,0,0.0,23.0,end,[{1: [4]}],-1,0,0,0,0,1,1,,0,0
796647,u6SPW,vcKrE,,1,1,COMPLETED,15075351,20,CIFAR-10,MobileNetV2,32,1,895.251,28.833,7.333,2320.0,0,15075351.0,15075372.0,0,0.0,21.0,end,[{1: [4]}],-1,0,0,0,0,1,1,,0,0
796648,u6SPW,vcKrE,,1,1,COMPLETED,15075419,18,LunarLander,PPO,64,0,14.246,11.949,0.0,2051.0,0,15075419.0,15075438.0,0,0.0,19.0,end,[{1: [4]}],-1,0,0,0,0,1,1,,0,0
796649,u6SPW,vcKrE,,1,1,COMPLETED,15075466,17,CIFAR-10,EfficientNet,32,1,680.977,20.571,1.286,2176.0,0,15075466.0,15075484.0,0,0.0,18.0,end,[{1: [4]}],-1,0,0,0,0,1,1,,0,0
796650,u6SPW,vcKrE,,1,1,COMPLETED,15075497,20,CIFAR-10,EfficientNet,32,1,680.977,20.571,1.286,2176.0,0,15075497.0,15075518.0,0,0.0,21.0,end,[{1: [4]}],-1,0,0,0,0,1,1,,0,0
796651,u6SPW,vcKrE,,1,1,COMPLETED,15075530,20,CIFAR-10,EfficientNet,32,0,814.137,24.5,3.0,2308.0,0,15075530.0,15075551.0,0,0.0,21.0,end,[{1: [4]}],-1,0,0,0,0,1,1,,0,0
796700,umFLe,vcKrE,,2,1,CANCELLED,15080064,186478,ImageNet,MobileNetV3,32,0,1304.503,45.409,19.727,2694.0,0,15080064.0,15266543.0,0,0.0,186479.0,end,"[{3: [0, 1]}]",-1,0,0,0,0,1,1,,0,0
796701,ug5JM,vcKrE,,1,1,FAILED,15080292,212,CIFAR-10,ResNet18,32,1,1649.038,40.667,20.333,2330.0,0,15080292.0,15080505.0,0,0.0,213.0,end,[{1: [4]}],-1,0,0,0,0,1,1,,0,0
796764,ug5JM,vcKrE,,1,1,FAILED,15083694,215,CIFAR-10,VGG,128,0,7260.35,50.5,34.0,3990.0,0,15083694.0,15083910.0,0,0.0,216.0,end,[{1: [4]}],-1,0,0,0,0,1,1,,0,0
796789,ug5JM,vcKrE,,1,1,FAILED,15084711,212,LunarLander,PPO,32,0,5.156,12.425,0.0,2051.0,0,15084711.0,15084924.0,0,0.0,213.0,end,[{1: [4]}],-1,0,0,0,0,1,1,,0,0
796799,uG9Lr,vcKrE,,1,1,COMPLETED,15085012,287014,SQuAD,BERT,32,1,119.911,99.593,74.23,16334.0,0,15085012.0,15372027.0,0,0.0,287015.0,end,[{1: [4]}],-1,0,0,0,0,1,1,,0,0
796800,uG9Lr,vcKrE,,1,1,CANCELLED,15085049,346078,ImageNet,ResNet50,32,1,670.679,95.864,67.568,3838.0,0,15085049.0,15431128.0,0,0.0,346079.0,end,[{2: [6]}],-1,0,0,0,0,1,1,,0,0
796801,ug5JM,vcKrE,,1,1,CANCELLED,15085111,597,CIFAR-10,MobileNetV2,32,1,895.251,28.833,7.333,2320.0,0,15085111.0,15085709.0,0,0.0,598.0,end,[{3: [2]}],-1,0,0,0,0,1,1,,0,0
796819,ug5JM,vcKrE,,1,1,CANCELLED,15085869,281,CIFAR-10,EfficientNet,64,0,1922.826,35.4,8.0,2766.0,0,15085869.0,15086151.0,0,0.0,282.0,end,[{3: [2]}],-1,0,0,0,0,1,1,,0,0
796827,ug5JM,vcKrE,,1,1,CANCELLED,15086167,3366,MovieLens,NeuMF,64,0,15393.307,10.483,2.023,2050.0,0,15086167.0,15089534.0,0,0.0,3367.0,end,[{3: [2]}],-1,0,0,0,0,1,1,,0,0
796927,ug5JM,vcKrE,,1,1,FAILED,15090184,788,CIFAR-10,ResNet18,64,1,4038.576,62.0,34.0,3642.0,0,15090184.0,15090973.0,0,0.0,789.0,end,[{3: [2]}],-1,0,0,0,0,1,1,,0,0
796935,ug5JM,vcKrE,,1,1,CANCELLED,15091087,1789,CIFAR-10,ResNet18,32,1,1649.038,40.667,20.333,2330.0,0,15091087.0,15092877.0,0,0.0,1790.0,end,[{3: [2]}],-1,0,0,0,0,1,1,,0,0
796978,ug5JM,vcKrE,,1,1,CANCELLED,15093436,9399,ShapeNet,PointNet,32,0,131.491,11.533,9.667,3968.0,0,15093436.0,15102836.0,0,0.0,9400.0,end,[{3: [2]}],-1,0,0,0,0,1,1,,0,0
797068,umFLe,vcKrE,,2,1,CANCELLED,15096345,415959,SQuAD,BERT,32,0,84.872,99.689,62.484,20162.0,0,15096345.0,15512305.0,0,0.0,415960.0,end,"[{3: [3, 4]}]",-1,0,0,0,0,1,1,,0,0
797211,ug5JM,vcKrE,,1,1,FAILED,15102868,238,BipedalWalker,TD3,64,0,59.807,13.303,0.0,2059.0,0,15102868.0,15103107.0,0,0.0,239.0,end,[{3: [2]}],-1,0,0,0,0,1,1,,0,0
797213,ug5JM,vcKrE,,1,1,FAILED,15103145,244,ShapeNet,PointNet,128,0,140.209,8.982,7.589,10474.0,0,15103145.0,15103390.0,0,0.0,245.0,end,[{3: [2]}],-1,0,0,0,0,1,1,,0,0
797230,ug5JM,vcKrE,,1,1,CANCELLED,15104033,960,CIFAR-10,MobileNetV2,128,1,2866.76,55.714,28.286,2992.0,0,15104033.0,15104994.0,0,0.0,961.0,end,[{3: [2]}],-1,0,0,0,0,1,1,,0,0
797256,ug5JM,vcKrE,,1,1,CANCELLED,15105378,34,CIFAR-10,EfficientNet,32,0,814.137,24.5,3.0,2308.0,0,15105378.0,15105413.0,0,0.0,35.0,end,[{3: [2]}],-1,0,0,0,0,1,1,,0,0
797258,ug5JM,vcKrE,,1,1,CANCELLED,15105476,1865,BipedalWalker,TD3,64,0,59.807,13.303,0.0,2059.0,0,15105476.0,15107342.0,0,0.0,1866.0,end,[{3: [2]}],-1,0,0,0,0,1,1,,0,0
797289,umFLe,vcKrE,,2,1,CANCELLED,15107341,12,ShapeNet,PointNet,64,1,135.349,6.24,5.32,4532.0,0,15107341.0,15107354.0,0,0.0,13.0,end,"[{3: [5, 6]}]",-1,0,0,0,0,1,1,,0,0
797292,ug5JM,vcKrE,,1,1,CANCELLED,15107353,1258,LunarLander,PPO,64,0,14.246,11.949,0.0,2051.0,0,15107353.0,15108612.0,0,0.0,1259.0,end,[{3: [2]}],-1,0,0,0,0,1,1,,0,0
797293,umFLe,vcKrE,,2,1,CANCELLED,15107416,136024,ImageNet,MobileNetV3,32,0,1304.503,45.409,19.727,2694.0,0,15107416.0,15243441.0,0,0.0,136025.0,end,"[{3: [5, 6]}]",-1,0,0,0,0,1,1,,0,0
797330,ug5JM,vcKrE,,1,1,CANCELLED,15109001,544,CIFAR-10,EfficientNet,32,1,680.977,20.571,1.286,2176.0,0,15109001.0,15109546.0,0,0.0,545.0,end,[{3: [2]}],-1,0,0,0,0,1,1,,0,0
797338,ug5JM,vcKrE,,1,1,CANCELLED,15109551,551,CIFAR-10,VGG,128,1,7009.529,43.667,22.333,2666.0,0,15109551.0,15110103.0,0,0.0,552.0,end,[{3: [2]}],-1,0,0,0,0,1,1,,0,0
797348,ug5JM,vcKrE,,1,1,CANCELLED,15110103,48507,SQuAD,BERT,32,1,119.911,99.593,74.23,16334.0,0,15110103.0,15158611.0,0,0.0,48508.0,end,[{3: [2]}],-1,0,0,0,0,1,1,,0,0
797813,ug5JM,vcKrE,,1,1,FAILED,15152378,135,CIFAR-10,ResNet18,32,0,1763.905,58.667,25.0,2360.0,0,15152378.0,15152514.0,0,0.0,136.0,end,[{3: [7]}],-1,0,0,0,0,1,1,,0,0
797816,ug5JM,vcKrE,,1,1,FAILED,15152552,107,CIFAR-10,MobileNetV2,128,0,3516.037,98.833,65.333,4078.0,0,15152552.0,15152660.0,0,0.0,108.0,end,[{3: [7]}],-1,0,0,0,0,1,1,,0,0
797822,uM86Z,vcKrE,,2,1,FAILED,15152904,104307,ImageNet,ResNet50,32,1,670.679,95.864,67.568,3838.0,0,15152904.0,15257212.0,0,0.0,104308.0,end,"[{1: [5, 6]}]",-1,0,0,0,0,1,1,,0,0
797824,ug5JM,vcKrE,,1,1,FAILED,15152989,289,CIFAR-10,VGG,128,1,7009.529,43.667,22.333,2666.0,0,15152989.0,15153279.0,0,0.0,290.0,end,[{3: [7]}],-1,0,0,0,0,1,1,,0,0
797832,ug5JM,vcKrE,,1,1,COMPLETED,15153378,286,CIFAR-10,VGG,64,1,5112.546,34.0,16.5,3588.0,0,15153378.0,15153665.0,0,0.0,287.0,end,[{3: [7]}],-1,0,0,0,0,1,1,,0,0
797844,ug5JM,vcKrE,,1,1,COMPLETED,15154171,300,MovieLens,NeuMF,128,1,23040.359,9.643,1.983,2050.0,0,15154171.0,15154472.0,0,0.0,301.0,end,[{3: [7]}],-1,0,0,0,0,1,1,,0,0
797862,umBPu,vcKrE,,1,1,FAILED,15155138,11,CIFAR-10,ResNet18,32,1,1649.038,40.667,20.333,2330.0,0,15155138.0,15155150.0,0,0.0,12.0,end,[{3: [7]}],-1,0,0,0,0,1,1,,0,0
797869,uM86Z,vcKrE,,2,1,FAILED,15155563,372911,SQuAD,BERT,32,1,119.911,99.593,74.23,16334.0,0,15155563.0,15575014.0,1,46499.0,419451.0,end,"[{0: [6, 7]}]",-1,0,0,0,0,1,1,,0,0
797875,uM86Z,vcKrE,,2,1,COMPLETED,15155853,109819,ImageNet,MobileNetV3,32,1,978.255,34.966,7.931,2382.0,0,15155853.0,15265673.0,0,0.0,109820.0,end,"[{0: [2, 3]}]",-1,0,0,0,0,1,1,,0,0
797897,ug5JM,vcKrE,,1,1,COMPLETED,15157021,299,CIFAR-10,VGG,32,0,2998.72,44.0,23.0,3386.0,0,15157021.0,15157321.0,0,0.0,300.0,end,[{0: [6]}],-1,0,0,0,0,1,1,,0,0
797906,umBPu,vcKrE,,1,1,COMPLETED,15157311,7431,LunarLander,PPO,128,0,46.507,14.96,0.0,2051.0,0,15157311.0,15164743.0,0,0.0,7432.0,end,[{2: [7]}],-1,0,0,0,0,1,1,,0,0
797908,umBPu,vcKrE,,1,1,FAILED,15157415,1,CIFAR-10,MobileNetV2,128,0,3516.037,98.833,65.333,4078.0,0,15157415.0,15157417.0,0,0.0,2.0,end,[{0: [6]}],-1,0,0,0,0,1,1,,0,0
797909,umBPu,vcKrE,,1,1,COMPLETED,15157454,14482,Multi30k,Transformer,64,0,857.9,75.164,31.806,11801.104,0,15157454.0,15171937.0,0,0.0,14483.0,end,[{0: [6]}],-1,0,0,0,0,1,1,,0,0
797939,ug5JM,vcKrE,,1,1,COMPLETED,15158599,322,CIFAR-10,MobileNetV2,64,1,1710.877,41.833,16.167,2528.0,0,15158599.0,15158922.0,0,0.0,323.0,end,[{3: [7]}],-1,0,0,0,0,1,1,,0,0
797945,uM86Z,vcKrE,,2,1,FAILED,15158696,81218,SQuAD,BERT,32,0,84.872,99.689,62.484,20162.0,0,15158696.0,15239915.0,0,0.0,81219.0,end,"[{0: [4, 5]}]",-1,0,0,0,0,1,1,,0,0
797974,ug5JM,vcKrE,,1,1,CANCELLED,15159913,6711,LunarLander,PPO,64,0,14.246,11.949,0.0,2051.0,0,15159913.0,15166625.0,0,0.0,6712.0,end,[{3: [2]}],-1,0,0,0,0,1,1,,0,0
798107,ug5JM,vcKrE,,1,1,CANCELLED,15166908,5863,ShapeNet,PointNet,32,1,136.02,7.0,5.615,3334.0,0,15166908.0,15172772.0,0,0.0,5864.0,end,[{2: [7]}],-1,0,0,0,0,1,1,,0,0
798273,ug5JM,vcKrE,,1,1,FAILED,15172832,137,CIFAR-10,EfficientNet,128,0,3465.072,44.833,16.167,2580.0,0,15172832.0,15172970.0,0,0.0,138.0,end,[{0: [6]}],-1,0,0,0,0,1,1,,0,0
798291,ug5JM,vcKrE,,1,1,FAILED,15173361,128,ShapeNet,PointNet,32,0,131.491,11.533,9.667,3968.0,0,15173361.0,15173490.0,0,0.0,129.0,end,[{0: [6]}],-1,0,0,0,0,1,1,,0,0
798302,ug5JM,vcKrE,,1,1,CANCELLED,15173794,15929,Wikitext2,LSTM,128,0,3951.755,76.2,63.75,5616.0,0,15173794.0,15189724.0,0,0.0,15930.0,end,[{0: [6]}],-1,0,0,0,0,1,1,,0,0
798331,uM86Z,vcKrE,,1,1,COMPLETED,15174517,12047,LSUN,DCGAN,32,0,1986.707,57.778,20.222,2458.0,0,15174517.0,15186565.0,0,0.0,12048.0,end,[{3: [2]}],-1,0,0,0,0,1,1,,0,0
798410,umFLe,vcKrE,,2,1,CANCELLED,15177804,3,ShapeNet,PointNet,32,0,131.491,11.533,9.667,3968.0,0,15177804.0,15177808.0,0,0.0,4.0,end,"[{2: [0, 1]}]",-1,0,0,0,0,1,1,,0,0
798413,umFLe,vcKrE,,2,1,CANCELLED,15177841,1572,CIFAR-10,MobileNetV2,32,0,1108.427,42.8,17.0,2508.0,0,15177841.0,15179414.0,0,0.0,1573.0,end,"[{2: [0, 1]}]",-1,0,0,0,0,1,1,,0,0
798448,umFLe,vcKrE,,2,1,CANCELLED,15179460,64913,ImageNet,MobileNetV3,128,1,3482.526,86.121,33.939,3216.0,0,15179460.0,15244374.0,0,0.0,64914.0,end,"[{2: [0, 1]}]",-1,0,0,0,0,1,1,,0,0
798550,umFLe,vcKrE,,2,1,CANCELLED,15182771,5,CIFAR-10,ResNet18,64,1,4038.576,62.0,34.0,3642.0,0,15182771.0,15182777.0,0,0.0,6.0,end,"[{2: [2, 3]}]",-1,0,0,0,0,1,1,,0,0
798552,umFLe,vcKrE,,2,1,COMPLETED,15182823,276,CIFAR-10,EfficientNet,128,1,2802.744,33.571,7.286,2358.0,0,15182823.0,15183100.0,0,0.0,277.0,end,"[{2: [2, 3]}]",-1,0,0,0,0,1,1,,0,0
798558,ug5JM,vcKrE,,1,1,FAILED,15183161,263,CIFAR-10,ResNet18,64,0,3711.999,80.667,47.0,2660.0,0,15183161.0,15183425.0,0,0.0,264.0,end,[{3: [7]}],-1,0,0,0,0,1,1,,0,0
798569,ug5JM,vcKrE,,1,1,CANCELLED,15183536,24,LunarLander,PPO,64,0,14.246,11.949,0.0,2051.0,0,15183536.0,15183561.0,0,0.0,25.0,end,[{3: [7]}],-1,0,0,0,0,1,1,,0,0
798579,ug5JM,vcKrE,,1,1,FAILED,15183750,264,CIFAR-10,EfficientNet,128,1,2802.744,33.571,7.286,2358.0,0,15183750.0,15184015.0,0,0.0,265.0,end,[{3: [7]}],-1,0,0,0,0,1,1,,0,0
798599,ug5JM,vcKrE,,1,1,FAILED,15184248,248,ShapeNet,PointNet,128,1,144.304,5.551,4.878,6976.0,0,15184248.0,15184497.0,0,0.0,249.0,end,[{3: [7]}],-1,0,0,0,0,1,1,,0,0
798607,ug5JM,vcKrE,,1,1,FAILED,15184652,253,CIFAR-10,MobileNetV2,32,0,1108.427,42.8,17.0,2508.0,0,15184652.0,15184906.0,0,0.0,254.0,end,[{3: [7]}],-1,0,0,0,0,1,1,,0,0
798676,uM86Z,vcKrE,,1,1,FAILED,15186633,52594,ImageNet,ResNet50,32,1,670.679,95.864,67.568,3838.0,0,15186633.0,15239228.0,0,0.0,52595.0,end,[{3: [2]}],-1,0,0,0,0,1,1,,0,0
798718,umFLe,vcKrE,,2,1,COMPLETED,15188220,262,CIFAR-10,EfficientNet,128,0,3465.072,44.833,16.167,2580.0,0,15188220.0,15188483.0,0,0.0,263.0,end,"[{2: [2, 3]}]",-1,0,0,0,0,1,1,,0,0
798720,ug5JM,vcKrE,,1,1,CANCELLED,15188248,520,CIFAR-10,ResNet18,64,1,4038.576,62.0,34.0,3642.0,0,15188248.0,15188769.0,0,0.0,521.0,end,[{2: [7]}],-1,0,0,0,0,1,1,,0,0
798740,uM86Z,vcKrE,,1,1,CANCELLED,15188728,60,ShapeNet,PointNet,64,1,135.349,6.24,5.32,4532.0,0,15188728.0,15188789.0,0,0.0,61.0,end,[{3: [7]}],-1,0,0,0,0,1,1,,0,0
798743,uM86Z,vcKrE,,1,1,COMPLETED,15188791,15395,Multi30k,Transformer,32,0,464.423,53.645,17.258,11949.258,0,15188791.0,15204187.0,0,0.0,15396.0,end,[{3: [7]}],-1,0,0,0,0,1,1,,0,0
798745,uM86Z,vcKrE,,1,1,CANCELLED,15188823,22,CIFAR-10,MobileNetV2,32,1,895.251,28.833,7.333,2320.0,0,15188823.0,15188846.0,0,0.0,23.0,end,[{2: [2]}],-1,0,0,0,0,1,1,,0,0
798747,uM86Z,vcKrE,,1,1,CANCELLED,15188860,2,CIFAR-10,VGG,32,0,2998.72,44.0,23.0,3386.0,0,15188860.0,15188863.0,0,0.0,3.0,end,[{2: [2]}],-1,0,0,0,0,1,1,,0,0
798748,uM86Z,vcKrE,,1,1,COMPLETED,15188871,15315,LSUN,DCGAN,64,1,2936.807,47.5,17.167,2330.0,0,15188871.0,15204187.0,0,0.0,15316.0,end,[{2: [2]}],-1,0,0,0,0,1,1,,0,0
798763,ug5JM,vcKrE,,1,1,CANCELLED,15189111,48010,SQuAD,BERT,32,1,119.911,99.593,74.23,16334.0,0,15189111.0,15237122.0,0,0.0,48011.0,end,[{2: [3]}],-1,0,0,0,0,1,1,,0,0
798782,ug5JM,vcKrE,,1,1,FAILED,15189856,303,CIFAR-10,VGG,32,1,3556.88,48.0,19.0,2762.0,0,15189856.0,15190160.0,0,0.0,304.0,end,[{0: [6]}],-1,0,0,0,0,1,1,,0,0
798792,ug5JM,vcKrE,,1,1,CANCELLED,15190314,46803,ImageNet,MobileNetV3,128,0,3353.137,100.0,60.912,4428.0,0,15190314.0,15237118.0,0,0.0,46804.0,end,[{0: [6]}],-1,0,0,0,0,1,1,,0,0
798800,umFLe,vcKrE,,2,1,CANCELLED,15190619,49080,SQuAD,BERT,32,0,84.872,99.689,62.484,20162.0,0,15190619.0,15239700.0,0,0.0,49081.0,end,"[{2: [4, 5]}]",-1,0,0,0,0,1,1,,0,0
798855,uG9Lr,vcKrE,,1,1,COMPLETED,15194117,355552,SQuAD,BERT,32,0,84.872,99.689,62.484,20162.0,0,15194117.0,15549729.0,1,19.0,355612.0,end,[{2: [7]}],-1,0,0,0,0,1,1,,0,0
799038,umBPu,vcKrE,,1,1,COMPLETED,15204075,19954,LSUN,DCGAN,128,1,6097.188,66.333,32.417,2684.0,0,15204075.0,15224030.0,0,0.0,19955.0,end,[{0: [7]}],-1,0,0,0,0,1,1,,0,0
799039,umBPu,vcKrE,,1,1,COMPLETED,15204094,27250,Wikitext2,LSTM,128,0,3951.755,76.2,63.75,5616.0,0,15204094.0,15231345.0,0,0.0,27251.0,end,[{1: [7]}],-1,0,0,0,0,1,1,,0,0
799186,ug5JM,vcKrE,,1,1,COMPLETED,15237260,391,CIFAR-10,EfficientNet,32,0,814.137,24.5,3.0,2308.0,0,15237260.0,15237652.0,0,0.0,392.0,end,[{1: [7]}],-1,0,0,0,0,1,1,,0,0
799187,ug5JM,vcKrE,,1,1,COMPLETED,15238222,379,LunarLander,PPO,64,0,14.246,11.949,0.0,2051.0,0,15238222.0,15238602.0,0,0.0,380.0,end,[{1: [7]}],-1,0,0,0,0,1,1,,0,0
799188,ug5JM,vcKrE,,1,1,COMPLETED,15239191,230,CIFAR-10,MobileNetV2,128,1,2866.76,55.714,28.286,2992.0,0,15239191.0,15239422.0,0,0.0,231.0,end,[{1: [7]}],-1,0,0,0,0,1,1,,0,0
799189,uM86Z,vcKrE,,1,1,FAILED,15239227,89195,ImageNet,MobileNetV3,32,0,1304.503,45.409,19.727,2694.0,0,15239227.0,15328423.0,0,0.0,89196.0,end,[{3: [7]}],-1,0,0,0,0,1,1,,0,0
799190,uM86Z,vcKrE,,1,1,COMPLETED,15239251,17529,Multi30k,Transformer,64,0,857.9,75.164,31.806,11801.104,0,15239251.0,15256781.0,0,0.0,17530.0,end,[{3: [2]}],-1,0,0,0,0,1,1,,0,0
799191,uM86Z,vcKrE,,1,1,COMPLETED,15239292,17488,Wikitext2,LSTM,64,0,4496.071,97.0,74.875,3884.0,0,15239292.0,15256781.0,0,0.0,17489.0,end,[{2: [2]}],-1,0,0,0,0,1,1,,0,0
799193,ug5JM,vcKrE,,1,1,COMPLETED,15239699,235,CIFAR-10,ResNet18,32,1,1649.038,40.667,20.333,2330.0,0,15239699.0,15239935.0,0,0.0,236.0,end,[{1: [7]}],-1,0,0,0,0,1,1,,0,0
799212,uM86Z,vcKrE,,2,1,FAILED,15239916,31506,Wikitext2,LSTM,128,0,3951.755,76.2,63.75,5616.0,0,15239916.0,15271423.0,0,0.0,31507.0,end,"[{0: [4, 5]}]",-1,0,0,0,0,1,1,,0,0
799261,ug5JM,vcKrE,,1,1,FAILED,15240948,274,CIFAR-10,VGG,32,0,2998.72,44.0,23.0,3386.0,0,15240948.0,15241223.0,0,0.0,275.0,end,[{1: [7]}],-1,0,0,0,0,1,1,,0,0
799279,ug5JM,vcKrE,,1,1,COMPLETED,15241403,424,CIFAR-10,MobileNetV2,32,0,1108.427,42.8,17.0,2508.0,0,15241403.0,15241828.0,0,0.0,425.0,end,[{1: [7]}],-1,0,0,0,0,1,1,,0,0
799283,umFLe,vcKrE,,2,1,CANCELLED,15241999,373300,ImageNet,MobileNetV3,128,0,3353.137,100.0,60.912,4428.0,0,15241999.0,15615300.0,0,0.0,373301.0,end,"[{2: [3, 4]}]",-1,0,0,0,0,1,1,,0,0
799304,ug5JM,vcKrE,,1,1,FAILED,15243418,401,CIFAR-10,ResNet18,32,0,1763.905,58.667,25.0,2360.0,0,15243418.0,15243820.0,0,0.0,402.0,end,[{1: [7]}],-1,0,0,0,0,1,1,,0,0
799365,ug5JM,vcKrE,,1,1,CANCELLED,15244321,12625,LSUN,DCGAN,128,0,4659.802,94.0,41.0,3096.0,0,15244321.0,15256947.0,0,0.0,12626.0,end,[{1: [7]}],-1,0,0,0,0,1,1,,0,0
799368,umFLe,vcKrE,,2,1,CANCELLED,15244423,6,CIFAR-10,MobileNetV2,32,0,1108.427,42.8,17.0,2508.0,0,15244423.0,15244430.0,0,0.0,7.0,end,"[{3: [5, 6]}]",-1,0,0,0,0,1,1,,0,0
799370,umFLe,vcKrE,,2,1,CANCELLED,15244469,301661,ImageNet,ResNet50,128,0,465.651,100.0,86.927,13326.0,0,15244469.0,15546131.0,0,0.0,301662.0,end,"[{3: [5, 6]}]",-1,0,0,0,0,1,1,,0,0
799378,ug5JM,vcKrE,,1,1,CANCELLED,15245011,941,MovieLens,NeuMF,64,1,12173.612,9.836,2.009,2050.0,0,15245011.0,15245953.0,0,0.0,942.0,end,[{2: [0]}],-1,0,0,0,0,1,1,,0,0
799390,ug5JM,vcKrE,,1,1,CANCELLED,15245988,10946,LSUN,DCGAN,32,1,1561.581,34.9,11.8,2730.0,0,15245988.0,15256935.0,0,0.0,10947.0,end,[{2: [0]}],-1,0,0,0,0,1,1,,0,0
799427,umFLe,vcKrE,,2,1,CANCELLED,15247657,5,CIFAR-10,VGG,128,0,7260.35,50.5,34.0,3990.0,0,15247657.0,15247663.0,0,0.0,6.0,end,"[{2: [1, 5]}]",-1,0,0,0,0,1,1,,0,0
799431,umFLe,vcKrE,,2,1,COMPLETED,15247789,455,LunarLander,PPO,32,0,5.156,12.425,0.0,2051.0,0,15247789.0,15248245.0,0,0.0,456.0,end,"[{2: [1, 5]}]",-1,0,0,0,0,1,1,,0,0
799444,umFLe,vcKrE,,2,1,CANCELLED,15248669,511,CIFAR-10,EfficientNet,32,1,680.977,20.571,1.286,2176.0,0,15248669.0,15249181.0,0,0.0,512.0,end,"[{2: [1, 5]}]",-1,0,0,0,0,1,1,,0,0
799447,umFLe,vcKrE,,2,1,COMPLETED,15249213,571,CIFAR-10,VGG,32,0,2998.72,44.0,23.0,3386.0,0,15249213.0,15249785.0,0,0.0,572.0,end,"[{2: [1, 5]}]",-1,0,0,0,0,1,1,,0,0
799557,umFLe,vcKrE,,2,1,COMPLETED,15255488,525,ShapeNet,PointNet,32,0,131.491,11.533,9.667,3968.0,0,15255488.0,15256014.0,0,0.0,526.0,end,"[{1: [0, 1]}]",-1,0,0,0,0,1,1,,0,0
799588,ug5JM,vcKrE,,1,1,COMPLETED,15256995,375,CIFAR-10,ResNet18,64,1,4038.576,62.0,34.0,3642.0,0,15256995.0,15257371.0,0,0.0,376.0,end,[{3: [2]}],-1,0,0,0,0,1,1,,0,0
799590,uM86Z,vcKrE,,2,1,FAILED,15257211,271262,ImageNet,ResNet50,32,1,670.679,95.864,67.568,3838.0,0,15257211.0,15528474.0,0,0.0,271263.0,end,"[{1: [0, 1]}]",-1,0,0,0,0,1,1,,0,0
799591,ug5JM,vcKrE,,1,1,CANCELLED,15257227,11823,LSUN,DCGAN,128,1,6097.188,66.333,32.417,2684.0,0,15257227.0,15269051.0,0,0.0,11824.0,end,[{1: [5]}],-1,0,0,0,0,1,1,,0,0
799608,umFLe,vcKrE,,2,1,COMPLETED,15258117,388,CIFAR-10,VGG,64,1,5112.546,34.0,16.5,3588.0,0,15258117.0,15258506.0,0,0.0,389.0,end,"[{1: [6, 7]}]",-1,0,0,0,0,1,1,,0,0
799611,ug5JM,vcKrE,,1,1,CANCELLED,15258262,67010,SQuAD,BERT,32,0,84.872,99.689,62.484,20162.0,0,15258262.0,15325273.0,0,0.0,67011.0,end,[{3: [2]}],-1,0,0,0,0,1,1,,0,0
799620,umFLe,vcKrE,,2,1,COMPLETED,15258697,394,ShapeNet,PointNet,32,0,131.491,11.533,9.667,3968.0,0,15258697.0,15259092.0,0,0.0,395.0,end,"[{1: [6, 7]}]",-1,0,0,0,0,1,1,,0,0
799643,umFLe,vcKrE,,2,1,CANCELLED,15259526,418804,ImageNet,ResNet50,32,0,432.563,100.0,80.754,5518.0,0,15259526.0,15680576.0,6,2005.0,421050.0,end,"[{3: [2, 7]}]",-1,0,0,0,0,1,1,,0,0
799648,u6SPW,vcKrE,,1,1,FAILED,15260178,88,CIFAR-10,MobileNetV2,32,1,895.251,28.833,7.333,2320.0,0,15260178.0,15260267.0,0,0.0,89.0,end,[{2: [0]}],-1,0,0,0,0,1,1,,0,0
799658,u6SPW,vcKrE,,1,1,CANCELLED,15260560,21,CIFAR-10,MobileNetV2,32,1,895.251,28.833,7.333,2320.0,0,15260560.0,15260582.0,0,0.0,22.0,end,[{2: [0]}],-1,0,0,0,0,1,1,,0,0
799660,u6SPW,vcKrE,,1,1,CANCELLED,15260581,2,CIFAR-10,VGG,64,0,7430.143,51.0,30.0,3584.0,0,15260581.0,15260584.0,0,0.0,3.0,end,[{2: [1]}],-1,0,0,0,0,1,1,,0,0
799661,u6SPW,vcKrE,,1,1,COMPLETED,15260629,113,CIFAR-10,MobileNetV2,64,0,2228.976,69.5,39.5,3010.0,0,15260629.0,15260743.0,0,0.0,114.0,end,[{2: [0]}],-1,0,0,0,0,1,1,,0,0
799664,u6SPW,vcKrE,,1,1,COMPLETED,15260989,406,CIFAR-10,ResNet18,128,1,5699.482,78.0,43.667,4036.0,0,15260989.0,15261396.0,0,0.0,407.0,end,[{2: [0]}],-1,0,0,0,0,1,1,,0,0
799687,uG9Lr,vcKrE,,1,1,CANCELLED,15262051,48,CIFAR-10,ResNet18,64,0,3711.999,80.667,47.0,2660.0,0,15262051.0,15262100.0,0,0.0,49.0,end,[{2: [0]}],-1,0,0,0,0,1,1,,0,0
799689,uG9Lr,vcKrE,,1,1,CANCELLED,15262061,5,CIFAR-10,EfficientNet,32,1,680.977,20.571,1.286,2176.0,0,15262061.0,15262067.0,0,0.0,6.0,end,[{2: [1]}],-1,0,0,0,0,1,1,,0,0
799692,uG9Lr,vcKrE,,1,1,COMPLETED,15262095,240375,SQuAD,BERT,32,1,119.911,99.593,74.23,16334.0,0,15262095.0,15502471.0,0,0.0,240376.0,end,[{2: [1]}],-1,0,0,0,0,1,1,,0,0
799693,uG9Lr,vcKrE,,1,1,COMPLETED,15262120,240350,ImageNet,ResNet50,32,0,432.563,100.0,80.754,5518.0,0,15262120.0,15502471.0,0,0.0,240351.0,end,[{2: [0]}],-1,0,0,0,0,1,1,,0,0
799700,u6SPW,vcKrE,,1,1,CANCELLED,15262296,53,CIFAR-10,ResNet18,32,0,1763.905,58.667,25.0,2360.0,0,15262296.0,15262350.0,0,0.0,54.0,end,[{2: [2]}],-1,0,0,0,0,1,1,,0,0
799707,u6SPW,vcKrE,,1,1,COMPLETED,15262416,72,CIFAR-10,MobileNetV2,64,0,2228.976,69.5,39.5,3010.0,0,15262416.0,15262489.0,0,0.0,73.0,end,[{2: [2]}],-1,0,0,0,0,1,1,,0,0
799728,u6SPW,vcKrE,,1,1,COMPLETED,15263223,75,CIFAR-10,ResNet18,64,1,4038.576,62.0,34.0,3642.0,0,15263223.0,15263299.0,0,0.0,76.0,end,[{2: [2]}],-1,0,0,0,0,1,1,,0,0
799738,umBPu,vcKrE,,1,1,COMPLETED,15263530,7335,LunarLander,PPO,64,0,14.246,11.949,0.0,2051.0,0,15263530.0,15270866.0,0,0.0,7336.0,end,[{2: [2]}],-1,0,0,0,0,1,1,,0,0
799740,umBPu,vcKrE,,1,1,COMPLETED,15263538,13638,LSUN,DCGAN,128,0,4659.802,94.0,41.0,3096.0,0,15263538.0,15277177.0,0,0.0,13639.0,end,[{2: [5]}],-1,0,0,0,0,1,1,,0,0
799782,u6SPW,vcKrE,,1,1,COMPLETED,15264582,218,BipedalWalker,TD3,32,0,16.292,12.828,0.0,2059.0,0,15264582.0,15264801.0,0,0.0,219.0,end,[{1: [6]}],-1,0,0,0,0,1,1,,0,0
799808,uM86Z,vcKrE,,1,1,COMPLETED,15265683,20,CIFAR-10,VGG,32,1,3556.88,48.0,19.0,2762.0,0,15265683.0,15265704.0,0,0.0,21.0,end,[{0: [2]}],-1,0,0,0,0,1,1,,0,0
799809,uM86Z,vcKrE,,2,1,COMPLETED,15265711,83212,SQuAD,BERT,32,1,119.911,99.593,74.23,16334.0,0,15265711.0,15348924.0,0,0.0,83213.0,end,"[{0: [2, 3]}]",-1,0,0,0,0,1,1,,0,0
799845,umFLe,vcKrE,,2,1,CANCELLED,15266674,6,CIFAR-10,MobileNetV2,32,1,895.251,28.833,7.333,2320.0,0,15266674.0,15266681.0,0,0.0,7.0,end,"[{3: [0, 1]}]",-1,0,0,0,0,1,1,,0,0
799847,umFLe,vcKrE,,2,1,COMPLETED,15266712,406,LunarLander,PPO,128,0,46.507,14.96,0.0,2051.0,0,15266712.0,15267119.0,0,0.0,407.0,end,"[{3: [0, 1]}]",-1,0,0,0,0,1,1,,0,0
799856,umFLe,vcKrE,,2,1,COMPLETED,15267214,357,ShapeNet,PointNet,64,1,135.349,6.24,5.32,4532.0,0,15267214.0,15267572.0,0,0.0,358.0,end,"[{3: [0, 1]}]",-1,0,0,0,0,1,1,,0,0
799867,umFLe,vcKrE,,2,1,COMPLETED,15268754,372,LunarLander,PPO,128,0,46.507,14.96,0.0,2051.0,0,15268754.0,15269127.0,0,0.0,373.0,end,"[{3: [0, 1]}]",-1,0,0,0,0,1,1,,0,0
799883,ug5JM,vcKrE,,1,1,CANCELLED,15269043,8678,CIFAR-10,EfficientNet,64,0,1922.826,35.4,8.0,2766.0,0,15269043.0,15277722.0,0,0.0,8679.0,end,[{1: [6]}],-1,0,0,0,0,1,1,,0,0
799898,umFLe,vcKrE,,2,1,COMPLETED,15269841,390,CIFAR-10,ResNet18,32,1,1649.038,40.667,20.333,2330.0,0,15269841.0,15270232.0,0,0.0,391.0,end,"[{3: [0, 1]}]",-1,0,0,0,0,1,1,,0,0
799911,uM86Z,vcKrE,,2,1,FAILED,15271422,257054,SQuAD,BERT,32,1,119.911,99.593,74.23,16334.0,0,15271422.0,15528477.0,0,0.0,257055.0,end,"[{3: [0, 1]}]",-1,0,0,0,0,1,1,,0,0
799960,umBPu,vcKrE,,1,1,COMPLETED,15273218,14851,Multi30k,Transformer,64,0,857.9,75.164,31.806,11801.104,0,15273218.0,15288070.0,0,0.0,14852.0,end,[{2: [2]}],-1,0,0,0,0,1,1,,0,0
799983,u6SPW,vcKrE,,1,1,COMPLETED,15274410,389,CIFAR-10,MobileNetV2,128,1,2866.76,55.714,28.286,2992.0,0,15274410.0,15274800.0,0,0.0,390.0,end,[{0: [4]}],-1,0,0,0,0,1,1,,0,0
800005,u6SPW,vcKrE,,1,1,COMPLETED,15275550,367,CIFAR-10,MobileNetV2,32,1,895.251,28.833,7.333,2320.0,0,15275550.0,15275918.0,0,0.0,368.0,end,[{0: [4]}],-1,0,0,0,0,1,1,,0,0
800009,umFLe,vcKrE,,1,1,COMPLETED,15275863,333,ShapeNet,PointNet,64,1,135.349,6.24,5.32,4532.0,0,15275863.0,15276197.0,0,0.0,334.0,end,[{0: [5]}],-1,0,0,0,0,1,1,,0,0
800015,ug5JM,vcKrE,,1,1,COMPLETED,15276339,426,CIFAR-10,MobileNetV2,32,0,1108.427,42.8,17.0,2508.0,0,15276339.0,15276766.0,0,0.0,427.0,end,[{0: [4]}],-1,0,0,0,0,1,1,,0,0
800018,umFLe,vcKrE,,1,1,COMPLETED,15276399,439,ShapeNet,PointNet,32,0,131.491,11.533,9.667,3968.0,0,15276399.0,15276839.0,0,0.0,440.0,end,[{0: [5]}],-1,0,0,0,0,1,1,,0,0
800029,umFLe,vcKrE,,1,1,COMPLETED,15277076,325,CIFAR-10,EfficientNet,64,0,1922.826,35.4,8.0,2766.0,0,15277076.0,15277402.0,0,0.0,326.0,end,[{0: [4]}],-1,0,0,0,0,1,1,,0,0
800046,umFLe,vcKrE,,1,1,CANCELLED,15277518,962,CIFAR-10,ResNet18,32,1,1649.038,40.667,20.333,2330.0,0,15277518.0,15278481.0,0,0.0,963.0,end,[{2: [5]}],-1,0,0,0,0,1,1,,0,0
800049,ug5JM,vcKrE,,1,1,CANCELLED,15277735,47532,SQuAD,BERT,32,0,84.872,99.689,62.484,20162.0,0,15277735.0,15325268.0,0,0.0,47533.0,end,[{1: [6]}],-1,0,0,0,0,1,1,,0,0
800054,umBPu,vcKrE,,1,1,COMPLETED,15277876,28612,Multi30k,Transformer,64,0,857.9,75.164,31.806,11801.104,0,15277876.0,15306489.0,0,0.0,28613.0,end,[{0: [4]}],-1,0,0,0,0,1,1,,0,0
800055,u6SPW,vcKrE,,1,1,CANCELLED,15277941,43,LunarLander,PPO,128,0,46.507,14.96,0.0,2051.0,0,15277941.0,15277985.0,0,0.0,44.0,end,[{0: [5]}],-1,0,0,0,0,1,1,,0,0
800058,u6SPW,vcKrE,,1,1,COMPLETED,15278047,398,CIFAR-10,MobileNetV2,64,1,1710.877,41.833,16.167,2528.0,0,15278047.0,15278446.0,0,0.0,399.0,end,[{0: [5]}],-1,0,0,0,0,1,1,,0,0
800070,umFLe,vcKrE,,2,1,COMPLETED,15278607,259,MovieLens,NeuMF,128,0,29773.989,10.483,2.011,2050.0,0,15278969.0,15279229.0,0,362.0,622.0,end,"[{1: [5, 7]}]",-1,0,0,0,0,1,1,,0,0
800087,umFLe,vcKrE,,2,1,COMPLETED,15278969,375,BipedalWalker,TD3,128,0,67.445,14.089,0.0,2059.0,0,15279229.0,15279605.0,0,260.0,636.0,end,"[{1: [5, 7]}]",-1,0,0,0,0,1,1,,0,0
800101,umFLe,vcKrE,,2,1,COMPLETED,15279433,309,CIFAR-10,VGG,32,1,3556.88,48.0,19.0,2762.0,0,15279605.0,15279915.0,0,172.0,482.0,end,"[{1: [5, 7]}]",-1,0,0,0,0,1,1,,0,0
800120,u6SPW,vcKrE,,1,1,COMPLETED,15280198,369,BipedalWalker,TD3,32,0,16.292,12.828,0.0,2059.0,0,15280198.0,15280568.0,0,0.0,370.0,end,[{0: [5]}],-1,0,0,0,0,1,1,,0,0
800123,umFLe,vcKrE,,1,1,COMPLETED,15280354,359,CIFAR-10,EfficientNet,32,1,680.977,20.571,1.286,2176.0,0,15280354.0,15280714.0,0,0.0,360.0,end,[{2: [5]}],-1,0,0,0,0,1,1,,0,0
800132,umFLe,vcKrE,,1,1,COMPLETED,15280781,345,ShapeNet,PointNet,32,1,136.02,7.0,5.615,3334.0,0,15280781.0,15281127.0,0,0.0,346.0,end,[{0: [5]}],-1,0,0,0,0,1,1,,0,0
800151,umFLe,vcKrE,,1,1,CANCELLED,15281548,48252,SQuAD,BERT,32,0,84.872,99.689,62.484,20162.0,0,15281548.0,15329801.0,0,0.0,48253.0,end,[{0: [5]}],-1,0,0,0,0,1,1,,0,0
800163,u6SPW,vcKrE,,1,1,COMPLETED,15281970,398,CIFAR-10,VGG,32,0,2998.72,44.0,23.0,3386.0,0,15281970.0,15282369.0,0,0.0,399.0,end,[{2: [5]}],-1,0,0,0,0,1,1,,0,0
800235,ug5JM,vcKrE,,1,1,COMPLETED,15285258,397,CIFAR-10,ResNet18,32,1,1649.038,40.667,20.333,2330.0,0,15285258.0,15285656.0,0,0.0,398.0,end,[{2: [5]}],-1,0,0,0,0,1,1,,0,0
800250,u6SPW,vcKrE,,1,1,COMPLETED,15286242,141,CIFAR-10,EfficientNet,32,1,680.977,20.571,1.286,2176.0,0,15286242.0,15286384.0,0,0.0,142.0,end,[{2: [5]}],-1,0,0,0,0,1,1,,0,0
800254,ug5JM,vcKrE,,1,1,COMPLETED,15286326,206,CIFAR-10,EfficientNet,32,1,680.977,20.571,1.286,2176.0,0,15286326.0,15286533.0,0,0.0,207.0,end,[{1: [5]}],-1,0,0,0,0,1,1,,0,0
800274,u6SPW,vcKrE,,1,1,COMPLETED,15287362,518,CIFAR-10,EfficientNet,128,0,3465.072,44.833,16.167,2580.0,0,15287362.0,15287881.0,0,0.0,519.0,end,[{2: [5]}],-1,0,0,0,0,1,1,,0,0
800293,u6SPW,vcKrE,,1,1,COMPLETED,15288214,307,CIFAR-10,EfficientNet,128,0,3465.072,44.833,16.167,2580.0,0,15288214.0,15288522.0,0,0.0,308.0,end,[{2: [2]}],-1,0,0,0,0,1,1,,0,0
800295,u6SPW,vcKrE,,1,1,COMPLETED,15288260,504,LunarLander,PPO,128,0,46.507,14.96,0.0,2051.0,0,15288260.0,15288765.0,0,0.0,505.0,end,[{2: [5]}],-1,0,0,0,0,1,1,,0,0
800457,ug5JM,vcKrE,,1,1,FAILED,15323935,200,CIFAR-10,VGG,32,0,2998.72,44.0,23.0,3386.0,0,15323935.0,15324136.0,0,0.0,201.0,end,[{0: [4]}],-1,0,0,0,0,1,1,,0,0
800458,ug5JM,vcKrE,,1,1,COMPLETED,15324298,210,CIFAR-10,VGG,32,0,2998.72,44.0,23.0,3386.0,0,15324298.0,15324509.0,0,0.0,211.0,end,[{0: [4]}],-1,0,0,0,0,1,1,,0,0
800459,ug5JM,vcKrE,,1,1,COMPLETED,15325086,220,CIFAR-10,ResNet18,32,1,1649.038,40.667,20.333,2330.0,0,15325086.0,15325307.0,0,0.0,221.0,end,[{0: [4]}],-1,0,0,0,0,1,1,,0,0
800460,ug5JM,vcKrE,,1,1,FAILED,15325326,175,CIFAR-10,EfficientNet,64,0,1922.826,35.4,8.0,2766.0,0,15325326.0,15325502.0,0,0.0,176.0,end,[{0: [4]}],-1,0,0,0,0,1,1,,0,0
800485,uM86Z,vcKrE,,1,1,COMPLETED,15328422,12,CIFAR-10,MobileNetV2,32,0,1108.427,42.8,17.0,2508.0,0,15328422.0,15328435.0,0,0.0,13.0,end,[{0: [4]}],-1,0,0,0,0,1,1,,0,0
800486,uM86Z,vcKrE,,1,1,FAILED,15328443,177411,SQuAD,BERT,32,1,119.911,99.593,74.23,16334.0,0,15328443.0,15505855.0,0,0.0,177412.0,end,[{0: [4]}],-1,0,0,0,0,1,1,,0,0
800487,uM86Z,vcKrE,,1,1,CANCELLED,15328503,22356,LSUN,DCGAN,64,0,3275.832,72.9,31.0,2322.0,0,15328503.0,15350860.0,0,0.0,22357.0,end,[{1: [6]}],-1,0,0,0,0,1,1,,0,0
800489,uM86Z,vcKrE,,1,1,CANCELLED,15328558,22306,Multi30k,Transformer,64,0,857.9,75.164,31.806,11801.104,0,15328558.0,15350865.0,0,0.0,22307.0,end,[{2: [2]}],-1,0,0,0,0,1,1,,0,0
800510,ug5JM,vcKrE,,1,1,FAILED,15329912,260,MovieLens,NeuMF,128,0,29773.989,10.483,2.011,2050.0,0,15329912.0,15330173.0,0,0.0,261.0,end,[{0: [5]}],-1,0,0,0,0,1,1,,0,0
800519,umFLe,vcKrE,,2,1,COMPLETED,15330576,425,CIFAR-10,VGG,32,0,2998.72,44.0,23.0,3386.0,0,15330576.0,15331002.0,0,0.0,426.0,end,"[{3: [2, 7]}]",-1,0,0,0,0,1,1,,0,0
800520,uM86Z,vcKrE,,1,1,CANCELLED,15330581,108,CIFAR-10,ResNet18,32,0,1763.905,58.667,25.0,2360.0,0,15330581.0,15330690.0,0,0.0,109.0,end,[{0: [5]}],-1,0,0,0,0,1,1,,0,0
800523,ug5JM,vcKrE,,1,1,FAILED,15330800,228,LunarLander,PPO,128,0,46.507,14.96,0.0,2051.0,0,15330800.0,15331029.0,0,0.0,229.0,end,[{0: [5]}],-1,0,0,0,0,1,1,,0,0
800524,uM86Z,vcKrE,,1,1,COMPLETED,15330820,15843,LSUN,DCGAN,128,1,6097.188,66.333,32.417,2684.0,0,15330820.0,15346664.0,0,0.0,15844.0,end,[{2: [5]}],-1,0,0,0,0,1,1,,0,0
800659,umFLe,vcKrE,,2,1,COMPLETED,15333453,295,CIFAR-10,EfficientNet,128,0,3465.072,44.833,16.167,2580.0,0,15333453.0,15333749.0,0,0.0,296.0,end,"[{3: [2, 7]}]",-1,0,0,0,0,1,1,,0,0
800683,ug5JM,vcKrE,,1,1,CANCELLED,15334123,5595,ShapeNet,PointNet,128,1,144.304,5.551,4.878,6976.0,0,15334123.0,15339719.0,0,0.0,5596.0,end,[{0: [5]}],-1,0,0,0,0,1,1,,0,0
800684,umFLe,vcKrE,,2,1,COMPLETED,15334158,393,CIFAR-10,VGG,128,1,7009.529,43.667,22.333,2666.0,0,15334158.0,15334552.0,0,0.0,394.0,end,"[{3: [2, 7]}]",-1,0,0,0,0,1,1,,0,0
800702,umFLe,vcKrE,,2,1,COMPLETED,15335172,337,CIFAR-10,EfficientNet,32,0,814.137,24.5,3.0,2308.0,0,15335172.0,15335510.0,0,0.0,338.0,end,"[{3: [2, 7]}]",-1,0,0,0,0,1,1,,0,0
800723,umFLe,vcKrE,,2,1,COMPLETED,15335798,346,CIFAR-10,ResNet18,64,1,4038.576,62.0,34.0,3642.0,0,15335798.0,15336145.0,0,0.0,347.0,end,"[{3: [2, 7]}]",-1,0,0,0,0,1,1,,0,0
800730,u6SPW,vcKrE,,1,1,COMPLETED,15336108,400,ShapeNet,PointNet,32,1,136.02,7.0,5.615,3334.0,0,15336108.0,15336509.0,0,0.0,401.0,end,[{1: [5]}],-1,0,0,0,0,1,1,,0,0
800773,umFLe,vcKrE,,2,1,COMPLETED,15338865,303,CIFAR-10,MobileNetV2,32,1,895.251,28.833,7.333,2320.0,0,15338865.0,15339169.0,0,0.0,304.0,end,"[{1: [5, 7]}]",-1,0,0,0,0,1,1,,0,0
800804,umFLe,vcKrE,,2,1,COMPLETED,15339530,352,MovieLens,NeuMF,128,0,29773.989,10.483,2.011,2050.0,0,15339530.0,15339883.0,0,0.0,353.0,end,"[{1: [5, 7]}]",-1,0,0,0,0,1,1,,0,0
800824,ug5JM,vcKrE,,1,1,CANCELLED,15339854,4670,LunarLander,PPO,128,0,46.507,14.96,0.0,2051.0,0,15339854.0,15344525.0,0,0.0,4671.0,end,[{0: [5]}],-1,0,0,0,0,1,1,,0,0
800836,umFLe,vcKrE,,2,1,COMPLETED,15340588,375,CIFAR-10,VGG,32,1,3556.88,48.0,19.0,2762.0,0,15340588.0,15340964.0,0,0.0,376.0,end,"[{1: [5, 7]}]",-1,0,0,0,0,1,1,,0,0
800858,ulB3V,vcKrE,,1,1,COMPLETED,15341136,200,CIFAR-10,EfficientNet,32,0,814.137,24.5,3.0,2308.0,0,15341136.0,15341337.0,0,0.0,201.0,end,[{1: [5]}],-1,0,0,0,0,1,1,,0,0
800873,ulB3V,vcKrE,,1,1,COMPLETED,15341408,453,CIFAR-10,VGG,32,0,2998.72,44.0,23.0,3386.0,0,15341408.0,15341862.0,0,0.0,454.0,end,[{1: [5]}],-1,0,0,0,0,1,1,,0,0
800877,umFLe,vcKrE,,1,1,COMPLETED,15341662,402,CIFAR-10,ResNet18,128,0,4903.86,96.25,67.0,3072.0,0,15341662.0,15342065.0,0,0.0,403.0,end,[{1: [7]}],-1,0,0,0,0,1,1,,0,0
800894,umFLe,vcKrE,,1,1,COMPLETED,15342353,332,CIFAR-10,MobileNetV2,32,1,895.251,28.833,7.333,2320.0,0,15342353.0,15342686.0,0,0.0,333.0,end,[{1: [5]}],-1,0,0,0,0,1,1,,0,0
800941,u6SPW,vcKrE,,1,1,CANCELLED,15343338,1,BipedalWalker,TD3,64,0,59.807,13.303,0.0,2059.0,0,15343338.0,15343340.0,0,0.0,2.0,end,[{1: [5]}],-1,0,0,0,0,1,1,,0,0
800942,u6SPW,vcKrE,,1,1,COMPLETED,15343350,392,CIFAR-10,MobileNetV2,32,0,1108.427,42.8,17.0,2508.0,0,15343350.0,15343743.0,0,0.0,393.0,end,[{1: [5]}],-1,0,0,0,0,1,1,,0,0
800963,umFLe,vcKrE,,1,1,COMPLETED,15343642,452,LunarLander,PPO,128,0,46.507,14.96,0.0,2051.0,0,15343642.0,15344095.0,0,0.0,453.0,end,[{1: [7]}],-1,0,0,0,0,1,1,,0,0
800976,u6SPW,vcKrE,,1,1,COMPLETED,15343778,424,CIFAR-10,ResNet18,32,0,1763.905,58.667,25.0,2360.0,0,15343778.0,15344203.0,0,0.0,425.0,end,[{1: [5]}],-1,0,0,0,0,1,1,,0,0
801008,ulB3V,vcKrE,,1,1,COMPLETED,15344298,6193,BipedalWalker,TD3,128,0,67.445,14.089,0.0,2059.0,0,15344298.0,15350492.0,0,0.0,6194.0,end,[{1: [5]}],-1,0,0,0,0,1,1,,0,0
801022,umFLe,vcKrE,,1,1,CANCELLED,15344596,554,CIFAR-10,MobileNetV2,32,0,1108.427,42.8,17.0,2508.0,0,15344596.0,15345151.0,0,0.0,555.0,end,[{0: [5]}],-1,0,0,0,0,1,1,,0,0
801041,ug5JM,vcKrE,,1,1,CANCELLED,15344996,11895,Wikitext2,LSTM,64,0,4496.071,97.0,74.875,3884.0,0,15344996.0,15356892.0,0,0.0,11896.0,end,[{1: [7]}],-1,0,0,0,0,1,1,,0,0
801053,umFLe,vcKrE,,1,1,CANCELLED,15345247,1067,CIFAR-10,ResNet18,32,0,1763.905,58.667,25.0,2360.0,0,15345247.0,15346315.0,0,0.0,1068.0,end,[{0: [5]}],-1,0,0,0,0,1,1,,0,0
801101,ulB3V,vcKrE,,1,1,COMPLETED,15346083,587,MovieLens,NeuMF,64,1,12173.612,9.836,2.009,2050.0,0,15346083.0,15346671.0,0,0.0,588.0,end,[{3: [2]}],-1,0,0,0,0,1,1,,0,0
801120,umFLe,vcKrE,,1,1,CANCELLED,15346402,358805,ImageNet,ResNet50,32,1,670.679,95.864,67.568,3838.0,0,15346664.0,15705524.0,1,276.0,359122.0,end,[{0: [0]}],-1,0,0,0,0,1,1,,0,0
801196,uM86Z,vcKrE,,2,1,FAILED,15349103,179374,ImageNet,MobileNetV3,32,1,978.255,34.966,7.931,2382.0,0,15349103.0,15528478.0,0,0.0,179375.0,end,"[{0: [2, 3]}]",-1,0,0,0,0,1,1,,0,0
801271,uM86Z,vcKrE,,2,1,COMPLETED,15351664,5,MovieLens,NeuMF,128,0,29773.989,10.483,2.011,2050.0,0,15351664.0,15351670.0,0,0.0,6.0,end,"[{1: [5, 6]}]",-1,0,0,0,0,1,1,,0,0
801272,uM86Z,vcKrE,,2,1,CANCELLED,15351671,154068,SQuAD,BERT,32,0,84.872,99.689,62.484,20162.0,0,15351671.0,15505740.0,0,0.0,154069.0,end,"[{1: [5, 6]}]",-1,0,0,0,0,1,1,,0,0
801292,ug5JM,vcKrE,,2,1,CANCELLED,15351931,472,CIFAR-10,VGG,32,0,2998.72,44.0,23.0,3386.0,0,15351931.0,15352404.0,0,0.0,473.0,end,"[{2: [2, 5]}]",-1,0,0,0,0,1,1,,0,0
801334,ug5JM,vcKrE,,2,1,CANCELLED,15352623,144371,SQuAD,BERT,32,1,119.911,99.593,74.23,16334.0,0,15352623.0,15496995.0,0,0.0,144372.0,end,"[{2: [2, 5]}]",-1,0,0,0,0,1,1,,0,0
801339,ug5JM,vcKrE,,1,1,COMPLETED,15352807,337,CIFAR-10,ResNet18,64,0,3711.999,80.667,47.0,2660.0,0,15352807.0,15353145.0,0,0.0,338.0,end,[{0: [5]}],-1,0,0,0,0,1,1,,0,0
801437,ug5JM,vcKrE,,1,1,FAILED,15356871,183,CIFAR-10,MobileNetV2,128,0,3516.037,98.833,65.333,4078.0,0,15356871.0,15357055.0,0,0.0,184.0,end,[{0: [1]}],-1,0,0,0,0,1,1,,0,0
801438,ug5JM,vcKrE,,1,1,FAILED,15356939,155,LunarLander,PPO,32,0,5.156,12.425,0.0,2051.0,0,15356939.0,15357095.0,0,0.0,156.0,end,[{0: [5]}],-1,0,0,0,0,1,1,,0,0
801455,ug5JM,vcKrE,,1,1,FAILED,15357336,150,CIFAR-10,MobileNetV2,32,0,1108.427,42.8,17.0,2508.0,0,15357336.0,15357487.0,0,0.0,151.0,end,[{1: [7]}],-1,0,0,0,0,1,1,,0,0
801456,ug5JM,vcKrE,,1,1,FAILED,15357339,147,BipedalWalker,TD3,64,0,59.807,13.303,0.0,2059.0,0,15357339.0,15357487.0,0,0.0,148.0,end,[{0: [1]}],-1,0,0,0,0,1,1,,0,0
801464,ug5JM,vcKrE,,1,1,FAILED,15357558,171,CIFAR-10,VGG,128,0,7260.35,50.5,34.0,3990.0,0,15357558.0,15357730.0,0,0.0,172.0,end,[{1: [7]}],-1,0,0,0,0,1,1,,0,0
801465,ug5JM,vcKrE,,1,1,FAILED,15357565,164,CIFAR-10,EfficientNet,32,1,680.977,20.571,1.286,2176.0,0,15357565.0,15357730.0,0,0.0,165.0,end,[{0: [1]}],-1,0,0,0,0,1,1,,0,0
801536,umFLe,vcKrE,,2,1,CANCELLED,15360695,4,ShapeNet,PointNet,128,0,140.209,8.982,7.589,10474.0,0,15360695.0,15360700.0,0,0.0,5.0,end,"[{0: [1, 5]}]",-1,0,0,0,0,1,1,,0,0
801537,umFLe,vcKrE,,2,1,CANCELLED,15360746,329152,ImageNet,MobileNetV3,32,0,1304.503,45.409,19.727,2694.0,0,15360746.0,15689899.0,0,0.0,329153.0,end,"[{0: [1, 5]}]",-1,0,0,0,0,1,1,,0,0
801941,uM86Z,vcKrE,,1,1,COMPLETED,15414827,14057,Multi30k,Transformer,32,0,464.423,53.645,17.258,11949.258,0,15414827.0,15428885.0,0,0.0,14058.0,end,[{1: [2]}],-1,0,0,0,0,1,1,,0,0
802065,uG9Lr,vcKrE,,1,1,COMPLETED,15431221,260398,SQuAD,BERT,32,0,84.872,99.689,62.484,20162.0,0,15431221.0,15691620.0,0,0.0,260399.0,end,[{2: [6]}],-1,0,0,0,0,1,1,,0,0
802085,uG9Lr,vcKrE,,1,1,COMPLETED,15432690,307292,ImageNet,ResNet50,32,0,432.563,100.0,80.754,5518.0,0,15432690.0,15739983.0,0,0.0,307293.0,end,[{1: [2]}],-1,0,0,0,0,1,1,,0,0
802142,uM86Z,vcKrE,,1,1,COMPLETED,15436091,13728,Wikitext2,LSTM,128,1,4440.872,63.706,55.824,5320.0,0,15436091.0,15449820.0,0,0.0,13729.0,end,[{1: [3]}],-1,0,0,0,0,1,1,,0,0
802257,ug5JM,vcKrE,,1,1,CANCELLED,15447457,49547,SQuAD,BERT,32,0,84.872,99.689,62.484,20162.0,0,15447457.0,15497005.0,0,0.0,49548.0,end,[{1: [4]}],-1,0,0,0,0,1,1,,0,0
